Rk,Player,Age,Tm,Pos,GP,G,A,PTS,+/-,PIM,PS,EV,PP,SH,GW,EV,PP,SH,S,S%,TOI,ATOI,Id
1,Keith Acton,31,PHI,C,69,13,14,27,-2,80,1.1,11,0,2,0,14,0,0,94,13.8,,,actonke01
2,Greg Adams,26,VAN,LW,65,30,20,50,-8,18,4.3,17,13,0,1,14,6,0,181,16.6,,,adamsgr02
3,Greg Adams,29,TOT,LW,35,4,10,14,-2,33,0.4,4,0,0,0,9,1,0,27,14.8,,,adamsgr01
3,Greg Adams,29,DET,LW,28,3,7,10,0,16,0.2,3,0,0,0,7,0,0,19,15.8,,,adamsgr01
3,Greg Adams,29,QUE,LW,7,1,3,4,-2,17,0.2,1,0,0,0,2,1,0,8,12.5,,,adamsgr01
4,Jim Agnew,23,VAN,D,7,0,0,0,-1,36,0.2,0,0,0,0,0,0,0,3,0,,,agnewji01
5,Tommy Albelin,25,NJD,D,68,6,23,29,-1,63,4.4,2,4,0,0,14,9,0,125,4.8,,,albelto01
6,Mike Allison,28,LAK,C,55,2,11,13,-6,78,-0.7,2,0,0,1,10,1,0,25,8,,,allismi01
7,Glenn Anderson*,29,EDM,RW,73,34,38,72,-1,107,5.9,16,17,1,7,26,12,0,204,16.7,,,andergl01
8,Shawn Anderson,21,BUF,D,16,1,3,4,2,8,1.1,1,0,0,0,1,2,0,16,6.3,,,andersh01
9,Mikael Andersson,23,HAR,LW,50,13,24,37,0,6,2.5,10,1,2,2,16,7,1,86,15.1,,,andermi01
10,Dave Andreychuk*,26,BUF,LW,73,40,42,82,6,42,7.4,22,18,0,3,21,21,0,206,19.4,,,andreda01
11,Dave Archibald,20,TOT,C,31,3,8,11,1,12,0.4,1,2,0,1,5,3,0,56,5.4,,,archida01
11,Dave Archibald,20,NYR,C,19,2,3,5,0,6,0.1,1,1,0,0,2,1,0,30,6.7,,,archida01
11,Dave Archibald,20,MNS,C,12,1,5,6,1,6,0.3,0,1,0,1,3,2,0,26,3.8,,,archida01
12,Scott Arniel,27,BUF,LW,79,18,14,32,4,77,1.9,16,1,1,4,13,0,1,123,14.6,,,arniesc01
13,Brent Ashton,29,WIN,LW,79,22,34,56,4,37,3.8,19,3,0,5,29,4,1,167,13.2,,,ashtobr01
14,Dave Babych,28,HAR,D,72,6,37,43,-16,62,5.5,2,4,0,1,16,21,0,164,3.7,,,babycda01
15,Jamie Baker,23,QUE,C,1,0,0,0,-1,0,0,0,0,0,0,0,0,0,0,,,,bakerja01
16,Helmut Balderis,37,MNS,RW,26,3,6,9,0,2,0.3,1,2,0,0,5,1,0,30,10,,,baldehe01
17,Don Barber,25,MNS,RW,44,15,19,34,4,32,2.7,11,4,0,2,14,5,0,100,15,,,barbedo01
18,Murray Baron,22,PHI,D,16,2,2,4,-1,12,0.8,2,0,0,0,2,0,0,18,11.1,,,baronmu01
19,Dave Barr,29,DET,RW,62,10,25,35,5,45,1.8,5,2,3,0,23,1,1,96,10.4,,,barrda01
20,Len Barrie,20,PHI,C,1,0,0,0,-2,0,-0.1,0,0,0,0,0,0,0,0,,,,barrile01
21,Bob Bassen,24,CHI,C,6,1,1,2,1,8,0.1,1,0,0,0,1,0,0,7,14.3,,,bassebo01
22,Ken Baumgartner,23,TOT,D,65,1,5,6,-4,222,2,1,0,0,0,5,0,0,48,2.1,,,baumgke01
22,Ken Baumgartner,23,NYI,D,53,0,5,5,6,194,2.2,0,0,0,0,5,0,0,41,0,,,baumgke01
22,Ken Baumgartner,23,LAK,D,12,1,0,1,-10,28,-0.2,1,0,0,0,0,0,0,7,14.3,,,baumgke01
23,Robin Bawa,23,WSH,RW,5,1,0,1,-3,6,-0.1,1,0,0,0,0,0,0,1,100,,,bawaro01
24,Barry Beck,32,LAK,D,52,1,7,8,3,53,1.6,1,0,0,0,7,0,0,36,2.8,,,beckba01
25,Bob Beers,22,BOS,D,3,0,1,1,2,6,0.3,0,0,0,0,0,1,0,0,,,,beersbo01
26,Bruce Bell,24,EDM,D,1,0,0,0,0,0,0,0,0,0,0,0,0,0,1,0,,,bellbr01
27,Brian Bellows,25,MNS,LW,80,55,44,99,-3,72,9.5,33,21,1,9,24,19,1,300,18.3,,,bellobr01
28,Rick Bennett,22,NYR,LW,6,1,0,1,-4,5,-0.1,1,0,0,0,0,0,0,6,16.7,,,benneri01
29,Brian Benning,23,TOT,D,55,6,19,25,-2,106,3.1,3,3,0,0,11,8,0,122,4.9,,,bennibr01
29,Brian Benning,23,LAK,D,48,5,18,23,1,104,2.8,2,3,0,0,11,7,0,114,4.4,,,bennibr01
29,Brian Benning,23,STL,D,7,1,1,2,-3,2,0.3,1,0,0,0,0,1,0,8,12.5,,,bennibr01
30,Jim Benning,26,VAN,D,45,3,9,12,4,26,2.9,2,0,1,0,6,3,0,49,6.1,,,benniji01
31,Perry Berezan,25,MNS,C,64,3,12,15,-4,31,-0.3,3,0,0,0,10,0,2,75,4,,,berezpe01
32,Marc Bergevin,24,NYI,D,18,0,4,4,-8,30,0.4,0,0,0,0,3,0,1,12,0,,,bergema01
33,Tim Bergland,25,WSH,C,32,2,5,7,2,31,-0.1,2,0,0,0,5,0,0,20,10,,,berglti01
34,Jonas Bergqvist,27,CGY,RW,22,2,5,7,10,10,0.3,2,0,0,0,5,0,0,30,6.7,,,bergqjo01
35,Brad Berry,24,WIN,D,12,1,2,3,-2,6,0.6,1,0,0,0,2,0,0,7,14.3,,,berrybr01
36,Craig Berube,24,PHI,LW,74,4,14,18,-7,291,-0.5,4,0,0,0,14,0,0,52,7.7,,,berubcr01
37,Jeff Beukeboom,24,EDM,D,46,1,12,13,5,86,2.5,1,0,0,0,8,4,0,36,2.8,,,beukeje01
38,Don Biggs,24,PHI,C,11,2,0,2,-4,8,-0.1,1,1,0,0,0,0,0,14,14.3,,,biggsdo01
39,Scott Bjugstad,28,LAK,RW,11,1,2,3,2,2,0,1,0,0,1,2,0,0,10,10,,,bjugssc01
40,James Black,20,HAR,C,1,0,0,0,0,0,0,0,0,0,0,0,0,0,0,,,,blackja01
41,Rob Blake*,20,LAK,D,4,0,0,0,0,4,0.1,0,0,0,0,0,0,0,3,0,,,blakero01
42,Jeff Bloemberg,22,NYR,D,28,3,3,6,-8,25,1.4,1,2,0,1,1,2,0,20,15,,,bloemje01
43,John Blum,30,BOS,D,2,0,0,0,-1,0,0,0,0,0,0,0,0,0,0,,,,blumjo01
44,Bob Bodak,28,HAR,LW,1,0,0,0,0,7,0,0,0,0,0,0,0,0,1,0,,,bodakbo01
45,Doug Bodger,23,BUF,D,71,12,36,48,0,64,7.1,4,8,0,1,10,26,0,167,7.2,,,bodgedo01
46,Laurie Boschman,29,WIN,C,66,10,17,27,-11,103,0.7,6,3,1,1,17,0,0,87,11.5,,,boschla01
47,Phil Bourque,27,PIT,LW,76,22,17,39,-7,108,2.1,19,2,1,3,12,5,0,110,20,,,bourqph01
48,Ray Bourque*,29,BOS,D,76,19,65,84,31,50,12.5,11,8,0,3,26,39,0,310,6.1,,,bourqra01
49,Steve Bozek,29,VAN,LW,58,14,9,23,-3,32,1.3,13,0,1,2,8,0,1,105,13.3,,,bozekst01
50,Brian Bradley,25,VAN,C,67,19,29,48,5,65,3.6,17,2,0,0,22,7,0,121,15.7,,,bradlbr01
51,Neil Brady,21,NJD,C,19,1,4,5,-1,13,-0.1,1,0,0,0,4,0,0,10,10,,,bradyne01
52,Andy Brickley,28,BOS,LW,43,12,28,40,11,8,3.1,6,6,0,1,21,7,0,69,17.4,,,brickan01
53,Rod Brind'Amour,19,STL,LW,79,26,35,61,23,46,5.2,16,10,0,1,27,8,0,160,16.3,,,brindro01
54,Bob Brooke,29,TOT,RW,73,12,14,26,-2,63,0.9,9,0,3,1,13,1,0,109,11,,,brookbo01
54,Bob Brooke,29,MNS,RW,38,4,4,8,-5,33,-0.2,1,0,3,0,3,1,0,65,6.2,,,brookbo01
54,Bob Brooke,29,NJD,RW,35,8,10,18,3,30,1,8,0,0,1,10,0,0,44,18.2,,,brookbo01
55,Aaron Broten,29,TOT,C,77,19,17,36,-23,58,1.5,16,1,2,2,15,2,0,148,12.8,,,broteaa01
55,Aaron Broten,29,NJD,C,42,10,8,18,-15,36,0.5,7,1,2,0,7,1,0,83,12,,,broteaa01
55,Aaron Broten,29,MNS,C,35,9,9,18,-8,22,1,9,0,0,2,8,1,0,65,13.8,,,broteaa01
56,Neal Broten,30,MNS,C,80,23,62,85,-16,45,5.7,13,9,1,4,37,22,3,212,10.8,,,brotene01
57,Paul Broten,24,NYR,C,32,5,3,8,-4,26,0.1,5,0,0,0,3,0,0,43,11.6,,,brotepa01
58,Dave Brown,27,EDM,RW,60,0,6,6,-3,145,-1.2,0,0,0,0,6,0,0,32,0,,,brownda01
59,Doug Brown,25,NJD,RW,69,14,20,34,7,16,1.9,10,1,3,3,17,2,1,135,10.4,,,browndo01
60,Jeff Brown,23,TOT,D,77,16,38,54,-26,55,6.1,7,8,1,3,13,25,0,284,5.6,,,brownje02
60,Jeff Brown,23,STL,D,48,10,28,38,-12,37,4.5,3,6,1,0,9,19,0,180,5.6,,,brownje02
60,Jeff Brown,23,QUE,D,29,6,10,16,-14,18,1.7,4,2,0,3,4,6,0,104,5.8,,,brownje02
61,Keith Brown,29,CHI,D,67,5,20,25,26,87,5.5,3,2,0,0,16,3,1,111,4.5,,,brownke02
62,Rob Brown,21,PIT,RW,80,33,47,80,-10,102,5.6,21,12,0,3,35,12,0,157,21,,,brownro01
63,Kelly Buchberger,23,EDM,LW,55,2,6,8,-8,168,-0.9,2,0,0,2,6,0,0,35,5.7,,,buchbke01
64,Mike Bullard,28,PHI,C,70,27,37,64,0,67,4.8,21,6,0,4,23,14,0,181,14.9,,,bullami01
65,Marc Bureau,23,CGY,C,5,0,0,0,-1,4,-0.2,0,0,0,0,0,0,0,3,0,,,bureama01
66,Shawn Burr,23,DET,LW,76,24,32,56,14,82,4.3,17,4,3,2,23,6,3,173,13.9,,,burrsh01
67,Randy Burridge,24,BOS,LW,63,17,15,32,9,47,2.4,10,7,0,1,10,5,0,118,14.4,,,burrira01
68,Adam Burt,21,HAR,D,63,4,8,12,3,105,3.8,3,1,0,0,7,1,0,83,4.8,,,burtad01
69,Rod Buskas,29,TOT,D,23,0,3,3,-3,49,0.7,0,0,0,0,3,0,0,12,0,,,buskaro01
69,Rod Buskas,29,VAN,D,17,0,3,3,1,36,0.8,0,0,0,0,3,0,0,11,0,,,buskaro01
69,Rod Buskas,29,PIT,D,6,0,0,0,-4,13,-0.1,0,0,0,0,0,0,0,1,0,,,buskaro01
70,Garth Butcher,27,VAN,D,80,6,14,20,-10,205,4.1,5,1,0,1,14,0,0,87,6.9,,,butchga01
71,Lyndon Byers,25,BOS,RW,43,4,4,8,0,159,-0.1,4,0,0,0,4,0,0,43,9.3,,,byersly01
72,Jock Callander,28,PIT,RW,30,4,7,11,0,49,0.2,4,0,0,1,7,0,0,22,18.2,,,callajo01
73,Dave Capuano,21,TOT,C,33,3,5,8,-7,12,-0.2,3,0,0,1,4,1,0,26,11.5,,,capuada01
73,Dave Capuano,21,VAN,C,27,3,5,8,-7,10,0,3,0,0,1,4,1,0,25,12,,,capuada01
73,Dave Capuano,21,PIT,C,6,0,0,0,0,2,-0.2,0,0,0,0,0,0,0,1,0,,,capuada01
74,Jack Capuano,23,TOR,D,1,0,0,0,-1,0,0,0,0,0,0,0,0,0,1,0,,,capuaja01
75,Guy Carbonneau*,29,MTL,C,68,19,36,55,21,37,4.3,17,1,1,3,34,2,0,125,15.2,,,carbogu01
76,Terry Carkner,23,PHI,D,63,4,18,22,-8,169,3.1,3,1,0,1,15,2,1,60,6.7,,,carknte01
77,Randy Carlyle,33,WIN,D,53,3,15,18,8,50,3.6,1,2,0,0,12,3,0,92,3.3,,,carlyra01
78,Bob Carpenter,26,BOS,LW,80,25,31,56,-3,97,4,20,5,0,5,18,12,1,220,11.4,,,carpebo01
79,Jimmy Carson,21,TOT,RW,48,21,18,39,-8,8,2.9,10,11,0,1,11,7,0,138,15.2,,,carsoji01
79,Jimmy Carson,21,DET,RW,44,20,16,36,-6,8,2.8,10,10,0,1,10,6,0,127,15.7,,,carsoji01
79,Jimmy Carson,21,EDM,RW,4,1,2,3,-2,0,0.1,0,1,0,0,1,1,0,11,9.1,,,carsoji01
80,John Carter,26,BOS,LW,76,17,22,39,17,26,2.8,14,2,1,1,20,2,0,142,12,,,cartejo01
81,Andrew Cassels,20,MTL,C,6,2,0,2,1,2,0.2,2,0,0,1,0,0,0,5,40,,,cassean01
82,Bruce Cassidy,24,CHI,D,2,1,1,2,-1,0,0.2,0,1,0,0,1,0,0,3,33.3,,,cassibr01
83,Jay Caufield,29,PIT,RW,37,1,2,3,0,123,-0.7,1,0,0,0,2,0,0,6,16.7,,,caufija01
84,Gino Cavallini,27,STL,LW,80,15,15,30,-8,77,1.1,14,1,0,4,14,1,0,134,11.2,,,cavalgi01
85,Paul Cavallini,24,STL,D,80,8,39,47,38,106,8.8,5,2,1,0,28,10,1,135,5.9,,,cavalpa01
86,John Chabot,27,DET,C,69,9,40,49,5,24,2.6,7,0,2,0,26,10,4,91,9.9,,,chabojo01
87,Shawn Chambers,23,MNS,D,78,8,18,26,-2,81,5,7,0,1,2,10,7,1,116,6.9,,,chambsh01
88,Todd Charlesworth,24,NYR,D,7,0,0,0,-3,6,0.1,0,0,0,0,0,0,0,4,0,,,charlto01
89,Kelly Chase,22,STL,RW,43,1,3,4,-1,244,-0.7,1,0,0,0,3,0,0,9,11.1,,,chaseke01
90,Chris Chelios*,28,MTL,D,53,9,22,31,20,136,6,6,1,2,1,15,7,0,123,7.3,,,chelich01
91,Steve Chiasson,22,DET,D,67,14,28,42,-16,114,4.7,10,4,0,2,16,12,0,190,7.4,,,chiasst01
92,Tom Chorske,23,MTL,RW,14,3,1,4,2,2,0.2,3,0,0,0,0,1,0,19,15.8,,,chorsto01
93,Dave Christian,30,TOT,RW,78,15,25,40,-8,12,2,13,2,0,4,19,6,0,153,9.8,,,chrisda01
93,Dave Christian,30,BOS,RW,50,12,17,29,4,8,2,10,2,0,3,13,4,0,99,12.1,,,chrisda01
93,Dave Christian,30,WSH,RW,28,3,8,11,-12,4,0,3,0,0,1,6,2,0,54,5.6,,,chrisda01
94,Shane Churla,24,MNS,RW,53,2,3,5,-4,292,-0.9,2,0,0,1,3,0,0,40,5,,,churlsh01
95,Jeff Chychrun,23,PHI,D,79,2,7,9,-12,248,2.2,2,0,0,1,6,0,1,52,3.8,,,chychje01
96,Dean Chynoweth,21,NYI,D,20,0,2,2,0,39,0.7,0,0,0,0,2,0,0,8,0,,,chynode01
97,Dave Chyzowski,18,NYI,LW,34,8,6,14,-4,45,0.6,5,3,0,1,4,2,0,59,13.6,,,chyzoda01
98,Dino Ciccarelli*,29,WSH,RW,80,41,38,79,-5,122,6.8,31,10,0,6,28,10,0,267,15.4,,,ciccadi01
99,Rob Cimetta,19,BOS,RW,47,8,9,17,4,33,0.8,8,0,0,0,8,1,0,28,28.6,,,cimetro01
100,Joe Cirella,26,QUE,D,56,4,14,18,-27,67,1.7,3,1,0,0,13,1,0,76,5.3,,,cireljo01
101,Wendel Clark,23,TOR,LW,38,18,8,26,2,116,2.2,11,7,0,2,5,3,0,85,21.2,,,clarkwe01
102,Paul Coffey*,28,PIT,D,80,29,74,103,-25,95,9.3,19,10,0,3,35,38,1,324,9,,,coffepa01
103,Danton Cole,23,WIN,RW,2,1,1,2,-1,0,0.1,1,0,0,0,1,0,0,2,50,,,coleda01
104,Pat Conacher,30,NJD,LW,19,3,3,6,2,4,0.2,3,0,0,0,3,0,0,18,16.7,,,conacpa01
105,Bob Corkum,22,BUF,RW,8,2,0,2,2,4,0.2,2,0,0,1,0,0,0,6,33.3,,,corkubo01
106,Yvon Corriveau,22,TOT,RW,63,13,7,20,2,72,0.9,12,1,0,1,7,0,0,90,14.4,,,corriyv01
106,Yvon Corriveau,22,WSH,RW,50,9,6,15,-1,50,0.5,8,1,0,1,6,0,0,76,11.8,,,corriyv01
106,Yvon Corriveau,22,HAR,RW,13,4,1,5,3,22,0.4,4,0,0,0,1,0,0,14,28.6,,,corriyv01
107,Shayne Corson,23,MTL,LW,76,31,44,75,33,144,6.9,24,7,0,6,32,12,0,192,16.1,,,corsosh01
108,Alain Cote,22,WSH,D,2,0,0,0,-2,7,0,0,0,0,0,0,0,0,2,0,,,coteal02
109,Sylvain Cote,24,HAR,D,28,4,2,6,2,14,1.9,3,1,0,1,2,0,0,50,8,,,cotesy01
110,Geoff Courtnall,27,WSH,LW,80,35,39,74,27,104,6.9,26,9,0,2,33,6,0,307,11.4,,,courtge01
111,Russ Courtnall,24,MTL,RW,80,27,32,59,14,27,4.7,24,3,0,2,28,4,0,294,9.2,,,courtru01
112,Craig Coxe,26,VAN,C,25,1,4,5,-4,66,-0.2,1,0,0,1,4,0,0,11,9.1,,,coxecr01
113,Murray Craven,25,PHI,LW,76,25,50,75,2,42,5.4,16,7,2,3,33,15,2,175,14.3,,,cravemu01
114,Lou Crawford,27,BOS,LW,7,0,0,0,1,20,-0.1,0,0,0,0,0,0,0,6,0,,,crawflo01
115,Adam Creighton,24,CHI,LW,80,34,36,70,4,224,5.6,22,12,0,3,22,13,1,156,21.8,,,creigad01
116,Ed Cristofoli,22,MTL,C,9,0,1,1,-1,4,-0.2,0,0,0,0,1,0,0,6,0,,,cristed01
117,Shawn Cronin,26,WIN,D,61,0,4,4,-16,243,1.3,0,0,0,0,3,0,1,30,0,,,cronish01
118,Doug Crossman,29,NYI,D,80,15,44,59,3,54,7.9,7,8,0,1,17,27,0,159,9.4,,,crossdo01
119,Keith Crowder,31,LAK,C,55,4,13,17,2,93,-0.1,4,0,0,1,13,0,0,48,8.3,,,crowdke01
120,Troy Crowder,21,NJD,RW,10,0,0,0,0,23,-0.3,0,0,0,0,0,0,0,4,0,,,crowdtr01
121,Jim Culhane,24,HAR,D,6,0,1,1,3,6,0.5,0,0,0,0,1,0,0,6,0,,,culhaji01
122,John Cullen,25,PIT,C,72,32,60,92,-13,138,6.5,23,9,0,4,39,20,1,197,16.2,,,cullejo01
123,Randy Cunneyworth,28,TOT,LW,71,14,15,29,-11,75,1.1,10,4,0,2,12,3,0,121,11.6,,,cunnera01
123,Randy Cunneyworth,28,HAR,LW,43,9,9,18,-4,41,0.9,7,2,0,1,8,1,0,70,12.9,,,cunnera01
123,Randy Cunneyworth,28,WIN,LW,28,5,6,11,-7,34,0.3,3,2,0,1,4,2,0,51,9.8,,,cunnera01
124,Brian Curran,26,TOR,D,72,2,9,11,-2,301,1.7,2,0,0,0,9,0,0,21,9.5,,,currabr01
125,Ulf Dahlén,23,TOT,RW,76,20,22,42,-3,30,2.8,7,13,0,4,12,10,0,135,14.8,,,dahleul01
125,Ulf Dahlén,23,NYR,RW,63,18,18,36,-4,30,2.5,5,13,0,4,9,9,0,111,16.2,,,dahleul01
125,Ulf Dahlén,23,MNS,RW,13,2,4,6,1,0,0.3,2,0,0,0,3,1,0,24,8.3,,,dahleul01
126,Chris Dahlquist,27,PIT,D,62,4,10,14,-2,56,2.1,4,0,0,0,10,0,0,57,7,,,dahlqch01
127,J.J. Daigneault,24,MTL,D,36,2,10,12,11,14,2.9,2,0,0,1,9,1,0,40,5,,,daignjj01
128,Vincent Damphousse,22,TOR,LW,80,33,61,94,2,56,7.2,24,9,0,5,41,20,0,229,14.4,,,damphvi01
129,Ken Daneyko,25,NJD,D,74,6,15,21,15,216,4.8,5,0,1,1,12,0,3,64,9.4,,,daneyke01
130,Dan Daoust,29,TOR,C,65,7,11,18,1,89,0,3,0,4,0,7,0,4,53,13.2,,,daousda01
131,Lucien DeBlois,32,QUE,LW,70,9,8,17,-29,45,-0.4,8,1,0,1,7,0,1,83,10.8,,,deblolu01
132,Dale DeGray,26,BUF,D,6,0,0,0,-4,6,0,0,0,0,0,0,0,0,5,0,,,degrada01
133,Gilbert Delorme,27,PIT,D,54,3,7,10,3,44,1.9,3,0,0,0,7,0,0,37,8.1,,,delorgi01
134,Eric Desjardins,20,MTL,D,55,3,13,16,1,51,3.4,2,1,0,0,12,1,0,48,6.3,,,desjaer01
135,Martin Desjardins,23,MTL,C,8,0,2,2,-4,2,-0.2,0,0,0,0,2,0,0,7,0,,,desjama01
136,Gerald Diduck,24,NYI,D,76,3,17,20,2,163,4,2,1,0,0,14,3,0,102,2.9,,,diducge01
137,Rob DiMaio,21,NYI,C,7,0,0,0,0,2,-0.2,0,0,0,0,0,0,0,2,0,,,dimairo01
138,Gord Dineen,27,PIT,D,69,1,8,9,6,125,2.1,1,0,0,0,8,0,0,38,2.6,,,dineego01
139,Kevin Dineen,26,HAR,RW,67,25,41,66,7,164,5.3,15,8,2,2,21,20,0,214,11.7,,,dineeke01
140,Peter Dineen,29,DET,D,2,0,0,0,0,5,0,0,0,0,0,0,0,0,0,,,,dineepe01
141,Robert Dirk,23,STL,D,37,1,1,2,9,128,1.9,1,0,0,0,1,0,0,14,7.1,,,dirkro01
142,Brian Dobbin,23,PHI,RW,9,1,1,2,1,11,0,0,1,0,0,0,1,0,11,9.1,,,dobbibr01
143,Tie Domi,20,TOR,RW,2,0,0,0,0,42,-0.1,0,0,0,0,0,0,0,0,,,,domiti01
144,Clark Donatelli,24,MNS,LW,25,3,3,6,-11,17,-0.2,3,0,0,1,1,2,0,25,12,,,donatcl01
145,Gord Donnelly,27,WIN,RW,55,3,3,6,3,222,-0.7,3,0,0,0,3,0,0,43,7,,,donnego01
146,Mike Donnelly,26,BUF,LW,12,1,2,3,-4,8,-0.1,1,0,0,0,2,0,0,20,5,,,donnemi01
147,Daniel Dore,19,QUE,RW,16,2,3,5,-8,59,-0.1,1,1,0,0,1,2,0,5,40,,,doreda01
148,Peter Douris,23,BOS,RW,36,5,6,11,8,15,0.6,4,1,0,0,6,0,0,63,7.9,,,douripe01
149,Mario Doyon,21,QUE,D,9,2,3,5,-1,6,0.7,1,1,0,0,2,1,0,19,10.5,,,doyonma01
150,Bruce Driver,27,NJD,D,75,7,46,53,6,63,6.8,6,1,0,0,27,18,1,185,3.8,,,drivebr01
151,John Druce,23,WSH,RW,45,8,3,11,-3,52,0.2,7,1,0,1,3,0,0,66,12.1,,,drucejo01
152,Gaetan Duchesne,27,MNS,LW,72,12,8,20,5,33,0.8,11,0,1,1,8,0,0,93,12.9,,,duchega01
153,Steve Duchesne,24,LAK,D,79,20,42,62,-3,36,6.9,14,6,0,1,25,16,1,224,8.9,,,duchest01
154,Donald Dufresne,22,MTL,D,18,0,4,4,1,23,1,0,0,0,0,4,0,0,6,0,,,dufredo01
155,Craig Duncanson,22,LAK,LW,10,3,2,5,1,9,0.3,3,0,0,0,2,0,0,12,25,,,duncacr01
156,Rocky Dundas,23,TOR,RW,5,0,0,0,-1,14,-0.2,0,0,0,0,0,0,0,1,0,,,dundaro01
157,Steve Dykstra,27,HAR,D,9,0,0,0,2,2,0.5,0,0,0,0,0,0,0,10,0,,,dykstst01
158,Mike Eagles,26,CHI,C,23,1,2,3,-4,34,-0.4,1,0,0,0,2,0,0,23,4.3,,,eaglemi01
159,Murray Eaves,29,DET,C,1,0,0,0,-2,0,-0.1,0,0,0,0,0,0,0,2,0,,,eavesmu01
160,Pelle Eklund,26,PHI,LW,70,23,39,62,7,16,4.6,15,5,3,2,27,12,0,126,18.3,,,eklunpe01
161,Todd Elik,23,LAK,C,48,10,23,33,4,41,1.8,9,1,0,0,21,2,0,86,11.6,,,elikto01
162,Dave Ellett,25,WIN,D,77,17,29,46,-15,96,6.2,9,8,0,1,18,9,2,205,8.3,,,elletda01
163,Pat Elynuik,22,WIN,RW,80,32,42,74,2,83,5.8,18,14,0,3,33,8,1,132,24.2,,,elynupa01
164,Peter Eriksson,24,EDM,LW,20,3,3,6,-1,24,0.1,2,1,0,0,2,1,0,23,13,,,erikspe01
165,Jan Erixon,27,NYR,RW,58,4,9,13,-17,8,-0.5,4,0,0,1,9,0,0,61,6.6,,,erixoja01
166,Bob Errey,25,PIT,LW,78,20,19,39,3,109,2.1,19,0,1,1,18,1,0,127,15.7,,,erreybo01
167,Doug Evans,26,TOT,LW,30,10,8,18,7,33,1.5,7,2,1,1,5,2,1,37,27,,,evansdo01
167,Doug Evans,26,WIN,LW,27,10,8,18,7,33,1.6,7,2,1,1,5,2,1,36,27.8,,,evansdo01
167,Doug Evans,26,STL,LW,3,0,0,0,0,0,-0.1,0,0,0,0,0,0,0,1,0,,,evansdo01
168,Shawn Evans,24,NYI,D,2,1,0,1,-1,0,0.2,0,1,0,0,0,0,0,4,25,,,evanssh01
169,Dean Evason,25,HAR,C,78,18,25,43,7,138,2.8,14,2,2,2,22,1,2,150,12,,,evasode01
170,Todd Ewen,23,TOT,RW,44,4,6,10,-1,169,-0.1,4,0,0,2,6,0,0,29,13.8,,,ewento01
170,Todd Ewen,23,MTL,RW,41,4,6,10,1,158,0,4,0,0,2,6,0,0,26,15.4,,,ewento01
170,Todd Ewen,23,STL,RW,3,0,0,0,-2,11,-0.1,0,0,0,0,0,0,0,3,0,,,ewento01
171,Glen Featherstone,21,STL,D,58,0,12,12,-1,145,2.7,0,0,0,0,9,3,0,34,0,,,feathgl01
172,Bernie Federko*,33,DET,C,73,17,40,57,-8,24,3.3,14,3,0,0,19,21,0,108,15.7,,,federbe01
173,Brent Fedyk,22,DET,RW,27,1,4,5,-1,6,-0.3,1,0,0,0,3,1,0,28,3.6,,,fedykbr01
174,Chris Felix,25,WSH,D,6,1,0,1,-6,2,0,0,1,0,0,0,0,0,3,33.3,,,felixch01
175,Paul Fenton,30,WIN,LW,80,32,18,50,2,40,4,27,4,1,1,16,2,0,152,21.1,,,fentopa01
176,David Fenyves,29,PHI,D,12,0,0,0,-6,4,0,0,0,0,0,0,0,0,10,0,,,fenyvda01
177,Tom Fergus,27,TOR,C,54,19,26,45,-18,62,2.7,15,4,0,2,18,8,0,120,15.8,,,ferguto01
178,Mark Ferner,24,WSH,D,2,0,0,0,-1,0,0,0,0,0,0,0,0,0,2,0,,,fernema01
179,Ray Ferraro,25,HAR,C,79,25,29,54,-15,109,3.5,18,7,0,4,15,13,1,138,18.1,,,ferrara01
180,Viacheslav Fetisov*,31,NJD,D,72,8,34,42,9,52,6.1,6,2,0,0,21,12,1,108,7.4,,,fetisvi01
181,Jeff Finley,22,NYI,D,11,0,1,1,0,0,0.4,0,0,0,0,1,0,0,7,0,,,finleje01
182,Steven Finn,23,QUE,D,64,3,9,12,-33,208,1.1,2,1,0,0,9,0,0,74,4.1,,,finnst01
183,Craig Fisher,19,PHI,C,2,0,0,0,0,0,-0.1,0,0,0,0,0,0,0,5,0,,,fishecr01
184,Tom Fitzgerald,21,NYI,C,19,2,5,7,-3,4,0.1,2,0,0,1,5,0,0,24,8.3,,,fitzgto01
185,Pat Flatley,26,NYI,RW,62,17,32,49,10,101,3.5,13,4,0,2,22,10,0,136,12.5,,,flatlpa01
186,Theoren Fleury,21,CGY,RW,80,31,35,66,22,157,5.5,19,9,3,6,24,11,0,200,15.5,,,fleurth01
187,Todd Flichel,25,WIN,D,3,0,1,1,0,2,0.2,0,0,0,0,1,0,0,1,0,,,flichto01
188,Bryan Fogarty,20,QUE,D,45,4,10,14,-47,31,0,2,2,0,0,5,4,1,93,4.3,,,fogarbr01
189,Mike Foligno,31,BUF,RW,61,15,25,40,13,99,2.9,12,3,0,1,20,5,0,107,14,,,foligmi01
190,Marc Fortier,23,QUE,RW,59,13,17,30,-16,28,1.4,9,3,1,1,12,5,0,89,14.6,,,fortima01
191,Jim Fox,29,LAK,RW,11,1,1,2,-1,0,-0.1,1,0,0,1,1,0,0,7,14.3,,,foxji01
192,Lou Franceschetti,31,TOR,RW,80,21,15,36,-12,127,1.6,19,0,2,4,12,0,3,76,27.6,,,franclo01
193,Ron Francis*,26,HAR,C,80,32,69,101,13,73,8.2,16,15,1,5,41,28,0,170,18.8,,,francro01
194,Curt Fraser,32,MNS,LW,8,1,0,1,-5,22,-0.2,1,0,0,0,0,0,0,7,14.3,,,frasecu01
195,Mark Freer,21,PHI,C,2,0,0,0,0,0,-0.1,0,0,0,0,0,0,0,2,0,,,freerma01
196,Link Gaetz,21,MNS,D,5,0,0,0,-5,33,-0.1,0,0,0,0,0,0,0,4,0,,,gaetzli01
197,Paul Gagne,27,NYI,LW,9,1,0,1,-1,4,-0.1,1,0,0,0,0,0,0,10,10,,,gagnepa01
198,Dave Gagner,25,MNS,C,79,40,38,78,-1,54,6.9,30,10,0,3,17,18,3,238,16.8,,,gagneda01
199,Gerard Gallant,26,DET,LW,69,36,44,80,-6,254,6.6,21,12,3,5,29,14,1,219,16.4,,,gallage01
200,Garry Galley,26,BOS,D,71,8,27,35,2,75,6.3,7,1,0,0,23,4,0,142,5.6,,,gallega01
201,Mike Gartner*,30,TOT,RW,79,45,41,86,-4,38,7.8,20,21,4,5,27,14,0,288,15.6,,,gartnmi01
201,Mike Gartner*,30,MNS,RW,67,34,36,70,-8,32,6,15,15,4,2,24,12,0,240,14.2,,,gartnmi01
201,Mike Gartner*,30,NYR,RW,12,11,5,16,4,6,1.8,5,6,0,3,3,2,0,48,22.9,,,gartnmi01
202,Stew Gavin,29,MNS,LW,80,12,13,25,9,76,1.1,9,0,3,1,12,0,1,146,8.2,,,gavinst01
203,Martin Gelinas,19,EDM,LW,46,17,8,25,0,30,1.9,12,5,0,2,8,0,0,71,23.9,,,gelinma01
204,Greg Gilbert,28,CHI,LW,70,12,25,37,27,54,2.5,12,0,0,3,25,0,0,108,11.1,,,gilbegr01
205,Brent Gilchrist,22,MTL,C,57,9,15,24,3,28,1.1,8,1,0,0,14,1,0,80,11.3,,,gilchbr01
206,Curt Giles,31,MNS,D,74,1,12,13,3,48,3.7,1,0,0,0,12,0,0,55,1.8,,,gilescu01
207,Randy Gilhen,26,PIT,C,61,5,11,16,-8,54,-0.4,5,0,0,1,11,0,0,67,7.5,,,gilhera01
208,Todd Gill,24,TOR,D,48,1,14,15,-8,92,1.3,1,0,0,0,13,1,0,44,2.3,,,gillto01
209,Paul Gillis,26,QUE,LW,71,8,14,22,-24,234,0,7,0,1,0,12,1,1,68,11.8,,,gillipa01
210,Doug Gilmour*,26,CGY,C,78,24,67,91,20,54,6.9,11,12,1,3,40,24,3,152,15.8,,,gilmodo01
211,Brian Glynn,22,CGY,D,1,0,0,0,-1,0,0,0,0,0,0,0,0,0,0,,,,glynnbr01
212,Bobby Gould,32,BOS,RW,77,8,17,25,-3,92,0.5,8,0,0,2,16,1,0,92,8.7,,,gouldbo01
213,Michel Goulet*,29,TOT,LW,65,20,30,50,-32,51,2.8,10,9,1,0,16,13,1,154,13,,,goulemi01
213,Michel Goulet*,29,QUE,LW,57,16,29,45,-33,42,2.3,8,8,0,0,15,13,1,144,11.1,,,goulemi01
213,Michel Goulet*,29,CHI,LW,8,4,1,5,1,9,0.5,2,1,1,0,1,0,0,10,40,,,goulemi01
214,Chris Govedaris,19,HAR,LW,12,0,1,1,0,6,-0.2,0,0,0,0,0,1,0,13,0,,,govedch01
215,Dirk Graham,30,CHI,RW,73,22,32,54,1,102,3.7,17,2,3,1,24,6,2,180,12.2,,,grahadi01
216,Tony Granato,25,TOT,RW,56,12,24,36,-1,122,2.1,10,2,0,0,12,9,3,120,10,,,granato01
216,Tony Granato,25,NYR,RW,37,7,18,25,1,77,1.6,6,1,0,0,9,7,2,79,8.9,,,granato01
216,Tony Granato,25,LAK,RW,19,5,6,11,-2,45,0.5,4,1,0,0,3,2,1,41,12.2,,,granato01
217,Adam Graves,21,TOT,LW,76,9,13,22,0,136,0.3,8,1,0,1,12,1,0,94,9.6,,,gravead01
217,Adam Graves,21,EDM,LW,63,9,12,21,5,123,0.7,8,1,0,1,11,1,0,84,10.7,,,gravead01
217,Adam Graves,21,DET,LW,13,0,1,1,-5,13,-0.4,0,0,0,0,1,0,0,10,0,,,gravead01
218,Randy Gregg,33,EDM,D,48,4,20,24,24,42,4.6,4,0,0,0,11,7,2,41,9.8,,,greggra01
219,Ron Greschner,35,NYR,D,55,1,9,10,-7,53,2.7,1,0,0,0,6,3,0,26,3.8,,,grescro01
220,Wayne Gretzky*,29,LAK,C,73,40,102,142,8,42,11.3,26,10,4,4,70,30,2,236,16.9,,,gretzwa01
221,Stu Grimson,24,CGY,LW,3,0,0,0,-1,17,-0.1,0,0,0,0,0,0,0,0,,,,grimsst01
222,Jari Gronstrand,27,TOT,D,48,3,5,8,-1,29,2.1,3,0,0,2,5,0,0,26,11.5,,,gronsja01
222,Jari Gronstrand,27,NYI,D,41,3,4,7,0,27,1.9,3,0,0,2,4,0,0,23,13,,,gronsja01
222,Jari Gronstrand,27,QUE,D,7,0,1,1,-1,2,0.2,0,0,0,0,1,0,0,3,0,,,gronsja01
223,Francois Guay,21,BUF,C,1,0,0,0,0,0,0,0,0,0,0,0,0,0,0,,,,guayfr01
224,Stephane Guerard,21,QUE,D,4,0,0,0,-5,6,-0.2,0,0,0,0,0,0,0,9,0,,,guerast01
225,Kevan Guy,24,VAN,D,30,2,5,7,-12,32,1,2,0,0,0,3,2,0,44,4.5,,,guyke01
226,Marc Habscheid,26,DET,LW,66,15,11,26,1,33,1.3,15,0,0,0,9,1,1,114,13.2,,,habscma01
227,Bob Halkidis,23,LAK,D,20,0,4,4,4,56,0.8,0,0,0,0,4,0,0,19,0,,,halkibo01
228,Kevin Haller,19,BUF,D,2,0,0,0,0,0,0.1,0,0,0,0,0,0,0,1,0,,,halleke01
229,Dave Hannan,28,TOR,C,39,6,9,15,-12,55,0.1,5,0,1,0,9,0,0,39,15.4,,,hannada01
230,Jeff Harding,20,PHI,RW,9,0,0,0,-1,18,-0.3,0,0,0,0,0,0,0,11,0,,,hardije01
231,Mark Hardy,30,NYR,D,54,0,15,15,4,94,3.6,0,0,0,0,10,3,2,55,0,,,hardyma01
232,Mike Hartman,22,BUF,LW,60,11,10,21,-10,211,0.6,9,2,0,3,10,0,0,97,11.3,,,hartmmi01
233,Kevin Hatcher,23,WSH,D,80,13,41,54,4,102,7.9,9,4,0,2,24,16,1,240,5.4,,,hatchke01
234,Dale Hawerchuk*,26,WIN,C,79,26,55,81,-11,70,5.5,18,8,0,2,29,25,1,211,12.3,,,hawerda01
235,Greg Hawgood,21,BOS,D,77,11,27,38,12,76,7.5,9,2,0,1,23,4,0,127,8.7,,,hawgogr01
236,Todd Hawkins,23,VAN,LW,4,0,0,0,-1,6,-0.1,0,0,0,0,0,0,0,3,0,,,hawkito01
237,Dale Henry,25,NYI,LW,20,0,2,2,-4,2,-0.5,0,0,0,0,2,0,0,6,0,,,henryda01
238,Randy Hillier,29,PIT,D,61,3,12,15,11,71,2.8,3,0,0,1,11,1,0,45,6.7,,,hillira01
239,Benoit Hogue,23,BUF,C,45,11,7,18,0,79,1,10,1,0,1,6,1,0,73,15.1,,,hoguebe01
240,Ron Hoover,23,BOS,C,2,0,0,0,-2,0,-0.1,0,0,0,0,0,0,0,2,0,,,hoovero01
241,Tony Horacek,22,PHI,LW,48,5,5,10,6,117,0,5,0,0,1,5,0,0,31,16.1,,,horacto01
242,Miloslav Horava,28,NYR,D,45,4,10,14,10,26,3.7,3,1,0,1,6,4,0,50,8,,,horavmi01
243,Doug Houda,23,DET,D,73,2,9,11,-5,127,2.2,2,0,0,0,9,0,0,59,3.4,,,houdado01
244,Mike Hough,26,QUE,LW,43,13,13,26,-24,84,1.3,9,3,1,0,10,3,0,93,14,,,houghmi01
245,Bill Houlder,22,WSH,D,41,1,11,12,8,28,2.8,1,0,0,0,7,4,0,49,2,,,houldbi01
246,Phil Housley*,25,BUF,D,80,21,60,81,11,32,11.2,12,8,1,4,31,29,0,201,10.4,,,houslph01
247,Mark Howe*,34,PHI,D,40,7,21,28,22,24,4.8,3,3,1,1,12,8,1,63,11.1,,,howema02
248,Jiri Hrdina,32,CGY,C,64,12,18,30,10,31,1.6,12,0,0,3,15,3,0,96,12.5,,,hrdinji01
249,Tony Hrkac,23,TOT,C,50,9,20,29,-4,10,1.5,6,3,0,0,10,10,0,70,12.9,,,hrkacto01
249,Tony Hrkac,23,STL,C,28,5,12,17,1,8,1,4,1,0,0,6,6,0,41,12.2,,,hrkacto01
249,Tony Hrkac,23,QUE,C,22,4,8,12,-5,2,0.6,2,2,0,0,4,4,0,29,13.8,,,hrkacto01
250,Charlie Huddy,30,EDM,D,70,1,23,24,-13,56,2.9,0,1,0,1,14,8,1,119,0.8,,,huddych01
251,Mike Hudson,22,CHI,C,49,9,12,21,-3,56,0.8,9,0,0,3,12,0,0,51,17.6,,,hudsomi01
252,Kerry Huffman,22,PHI,D,43,1,12,13,-3,34,2,1,0,0,0,2,10,0,70,1.4,,,huffmke01
253,Brent Hughes,23,WIN,LW,11,1,2,3,-4,33,-0.1,1,0,0,1,2,0,0,7,14.3,,,hughebr02
254,Brett Hull*,25,STL,RW,80,72,41,113,-1,24,11.8,45,27,0,12,24,17,0,385,18.7,,,hullbr01
255,Jody Hull,20,HAR,RW,38,7,10,17,-6,21,0.7,5,2,0,0,9,1,0,46,15.2,,,hulljo01
256,Dale Hunter,29,WSH,C,80,23,39,62,17,233,4.8,13,9,1,6,24,15,0,123,18.7,,,hunteda02
257,Mark Hunter,27,CGY,RW,10,2,3,5,0,39,0.2,0,2,0,0,2,1,0,15,13.3,,,huntema01
258,Tim Hunter,29,CGY,RW,67,2,3,5,-9,279,-1.6,2,0,0,0,3,0,0,69,2.9,,,hunteti01
259,Jamie Huscroft,23,NJD,D,42,2,3,5,-2,149,1.6,2,0,0,0,3,0,0,19,10.5,,,huscrja01
260,Al Iafrate,23,TOR,D,75,21,42,63,-4,135,6.9,14,6,1,0,28,12,2,153,13.7,,,iafraal01
261,Peter Ihnacak,32,TOR,C,5,0,2,2,3,0,0.1,0,0,0,0,2,0,0,5,0,,,ihnacpe01
262,Jeff Jackson,24,QUE,LW,65,8,12,20,-21,71,0.1,7,0,1,0,11,0,1,73,11,,,jacksje01
263,Craig Janney,22,BOS,C,55,24,38,62,3,4,5.1,13,11,0,5,15,23,0,105,22.9,,,jannecr01
264,Mark Janssens,21,NYR,C,80,5,8,13,-26,161,-1.2,5,0,0,0,7,1,0,61,8.2,,,janssma01
265,Iiro Jarvi,24,QUE,LW,41,7,13,20,-11,18,0.8,6,1,0,1,12,1,0,52,13.5,,,jarviii01
266,Grant Jennings,24,HAR,D,64,3,6,9,-4,171,3.1,3,0,0,0,5,0,1,45,6.7,,,jennigr01
267,Chris Jensen,26,PHI,RW,1,0,0,0,-1,2,-0.1,0,0,0,0,0,0,0,0,,,,jensech01
268,Calle Johansson,22,WSH,D,70,8,31,39,7,25,6.3,4,4,0,2,13,17,1,103,7.8,,,johanca01
269,Roger Johansson,22,CGY,D,35,0,5,5,9,48,1.9,0,0,0,0,5,0,0,23,0,,,johanro01
270,Jim Johnson,27,PIT,D,75,3,13,16,-20,154,1.4,2,1,0,0,10,3,0,72,4.2,,,johnsji02
271,Mark Johnson,32,NJD,C,63,16,29,45,-8,12,2.6,12,4,0,1,23,6,0,82,19.5,,,johnsma02
272,Greg Johnston,25,BOS,RW,9,1,1,2,-1,6,0,1,0,0,0,1,0,0,9,11.1,,,johnsgr01
273,Brad Jones,24,WIN,LW,2,0,0,0,-2,0,-0.1,0,0,0,0,0,0,0,0,,,,jonesbr01
274,Chris Joseph,20,EDM,D,4,0,2,2,-2,2,0.1,0,0,0,0,0,2,0,5,0,,,josepch01
275,Bob Joyce,23,TOT,LW,47,6,10,16,-6,26,0.3,5,1,0,1,8,2,0,62,9.7,,,joycebo01
275,Bob Joyce,23,WSH,LW,24,5,8,13,2,4,0.8,4,1,0,1,6,2,0,30,16.7,,,joycebo01
275,Bob Joyce,23,BOS,LW,23,1,2,3,-8,22,-0.5,1,0,0,0,2,0,0,32,3.1,,,joycebo01
276,Mark Kachowski,24,PIT,LW,14,0,1,1,1,40,-0.3,0,0,0,0,1,0,0,4,0,,,kachoma01
277,Kevin Kaminski,20,QUE,C,1,0,0,0,-1,0,0,0,0,0,0,0,0,0,0,,,,kaminke01
278,Alexei Kasatonov,30,NJD,D,39,6,15,21,15,16,3.9,5,1,0,0,8,5,2,60,10,,,kasatal01
279,Steve Kasper,28,LAK,C,77,17,28,45,4,27,2.3,15,1,1,4,24,2,2,72,23.6,,,kaspest01
280,Ed Kastelic,26,HAR,RW,67,6,2,8,-3,198,-0.6,6,0,0,0,2,0,0,35,17.1,,,kasteed01
281,Mike Keane,22,MTL,RW,74,9,15,24,0,78,0.5,8,1,0,1,13,2,0,92,9.8,,,keanemi01
282,Jarmo Kekalainen,23,BOS,LW,11,2,2,4,2,8,0.2,2,0,0,1,1,1,0,7,28.6,,,kekalja01
283,Dean Kennedy,27,BUF,D,80,2,12,14,-12,53,3.6,2,0,0,0,12,0,0,51,3.9,,,kennede01
284,Sheldon Kennedy,20,DET,RW,20,2,7,9,0,10,0.3,2,0,0,1,4,3,0,23,8.7,,,kennesh01
285,Alan Kerr,25,NYI,RW,75,15,21,36,-1,129,1.8,12,3,0,1,17,4,0,127,11.8,,,kerral01
286,Tim Kerr,30,PHI,RW,40,24,24,48,-3,34,4.1,15,9,0,2,13,11,0,162,14.8,,,kerrti01
287,Darin Kimble,21,QUE,RW,44,5,5,10,-20,185,-0.4,3,2,0,1,5,0,0,40,12.5,,,kimblda01
288,Derek King,22,NYI,LW,46,13,27,40,2,20,2.8,8,5,0,1,21,6,0,91,14.3,,,kingde01
289,Kris King,23,NYR,LW,68,6,7,13,2,286,-0.1,6,0,0,0,7,0,0,49,12.2,,,kingkr01
290,Kelly Kisio,30,NYR,C,68,22,44,66,11,105,5.3,13,7,2,1,26,17,1,128,17.2,,,kisioke01
291,Scot Kleinendorst,30,WSH,D,15,1,3,4,4,16,1.1,1,0,0,0,3,0,0,13,7.7,,,kleinsc01
292,Petr Klima,25,TOT,LW,76,30,33,63,-9,72,4.6,21,9,0,3,19,14,0,186,16.1,,,klimape01
292,Petr Klima,25,EDM,LW,63,25,28,53,-1,66,4.1,18,7,0,3,17,11,0,149,16.8,,,klimape01
292,Petr Klima,25,DET,LW,13,5,5,10,-8,6,0.5,3,2,0,0,2,3,0,37,13.5,,,klimape01
293,Gord Kluzak,25,BOS,D,8,0,2,2,4,11,0.7,0,0,0,0,2,0,0,8,0,,,kluzago01
294,Joe Kocur,25,DET,RW,71,16,20,36,-4,268,1.8,15,1,0,5,18,2,0,128,12.5,,,kocurjo01
295,Steve Konroyd,28,CHI,D,75,3,14,17,6,34,3.9,2,1,0,0,13,0,1,93,3.2,,,konrost01
296,Chris Kontos,26,LAK,LW,6,2,2,4,3,4,0.3,2,0,0,0,1,1,0,9,22.2,,,kontoch01
297,John Kordic,24,TOR,RW,55,9,4,13,-8,252,-0.2,6,3,0,0,4,0,0,48,18.8,,,kordijo01
298,Jim Korn,32,TOT,LW,46,2,5,7,0,125,-0.6,2,0,0,0,5,0,0,21,9.5,,,kornji01
298,Jim Korn,32,NJD,LW,37,2,3,5,-1,99,-0.5,2,0,0,0,3,0,0,18,11.1,,,kornji01
298,Jim Korn,32,CGY,LW,9,0,2,2,1,26,-0.1,0,0,0,0,2,0,0,3,0,,,kornji01
299,Chris Kotsopoulos,31,DET,D,2,0,0,0,-1,10,0,0,0,0,0,0,0,0,0,,,,kotsoch01
300,Uwe Krupp,24,BUF,D,74,3,20,23,15,85,5.6,2,0,1,1,17,2,1,69,4.3,,,kruppuw01
301,Mike Krushelnyski,29,LAK,LW,63,16,25,41,7,50,2.5,12,2,2,2,19,4,2,101,15.8,,,krushmi01
302,Vladimir Krutov,29,VAN,LW,61,11,23,34,-5,20,1.8,9,2,0,1,15,8,0,81,13.6,,,krutovl01
303,Todd Krygier,24,HAR,LW,58,18,12,30,4,52,2.3,12,5,1,3,12,0,0,103,17.5,,,krygito01
304,Bob Kudelski,25,LAK,C,62,23,13,36,-7,49,2.2,19,2,2,3,8,5,0,135,17,,,kudelbo01
305,Mark Kumpel,28,WIN,LW,56,8,9,17,-5,21,0.3,7,0,1,1,9,0,0,74,10.8,,,kumpema01
306,Jari Kurri*,29,EDM,RW,78,33,60,93,18,48,7.7,21,10,2,2,33,19,8,201,16.4,,,kurrija01
307,Tom Kurvers,27,TOT,D,71,15,37,52,-9,29,5.3,5,9,1,1,19,18,0,156,9.6,,,kurveto01
307,Tom Kurvers,27,TOR,D,70,15,37,52,-8,29,5.3,5,9,1,1,19,18,0,156,9.6,,,kurveto01
307,Tom Kurvers,27,NJD,D,1,0,0,0,-1,0,0,0,0,0,0,0,0,0,0,,,,kurveto01
308,Dale Kushner,23,NYI,LW,2,0,0,0,0,2,-0.1,0,0,0,0,0,0,0,0,,,,kushnda01
309,Nick Kypreos,23,WSH,LW,31,5,4,9,2,82,0.3,5,0,0,2,3,1,0,27,18.5,,,kypreni01
310,Jim Kyte,25,PIT,D,56,3,1,4,-10,125,0.8,3,0,0,0,1,0,0,23,13,,,kyteji01
311,Normand Lacombe,25,TOT,RW,33,5,4,9,4,28,0.3,5,0,0,0,4,0,0,36,13.9,,,lacomno01
311,Normand Lacombe,25,PHI,RW,18,0,2,2,0,7,-0.3,0,0,0,0,2,0,0,21,0,,,lacomno01
311,Normand Lacombe,25,EDM,RW,15,5,2,7,4,21,0.6,5,0,0,0,2,0,0,15,33.3,,,lacomno01
312,Randy Ladouceur,29,HAR,D,71,3,12,15,-6,126,3.7,3,0,0,0,11,0,1,45,6.7,,,ladoura01
313,Guy Lafleur*,38,QUE,RW,39,12,22,34,-15,4,2.1,6,6,0,2,9,13,0,100,12,,,laflegu01
314,Pat LaFontaine*,24,NYI,C,74,54,51,105,-13,38,9.5,39,13,2,8,24,27,0,286,18.9,,,lafonpa01
315,Marc Laforge,22,HAR,D,9,0,0,0,-1,43,0.3,0,0,0,0,0,0,0,0,,,,laforma02
316,Tom Laidlaw,31,LAK,D,57,1,8,9,4,42,1.7,1,0,0,0,7,0,1,27,3.7,,,laidlto01
317,Mike Lalor,26,STL,D,78,0,16,16,-6,81,3.4,0,0,0,0,15,1,0,79,0,,,lalormi01
318,Mark Lamb,25,EDM,C,58,12,16,28,10,42,1.7,10,2,0,2,14,2,0,81,14.8,,,lambma01
319,Rod Langway*,32,WSH,D,58,0,8,8,7,39,3,0,0,0,0,8,0,0,46,0,,,langwro01
320,Peter Lappin,24,MNS,RW,6,0,0,0,-5,2,-0.3,0,0,0,0,0,0,0,8,0,,,lappipe01
321,Igor Larionov*,29,VAN,C,74,17,27,44,-5,20,2.7,9,8,0,2,20,6,1,118,14.4,,,larioig01
322,Steve Larmer,28,CHI,RW,80,31,59,90,25,40,7.5,21,8,2,4,40,18,1,265,11.7,,,larmest01
323,Reed Larson,33,BUF,D,1,0,0,0,1,0,0.1,0,0,0,0,0,0,0,1,0,,,larsore01
324,Tyler Larter,21,WSH,C,1,0,0,0,-1,0,-0.1,0,0,0,0,0,0,0,2,0,,,lartety01
325,Jiri Latal,22,PHI,D,32,6,13,19,4,6,2.9,3,3,0,0,12,1,0,59,10.2,,,latalji01
326,Brad Lauer,23,NYI,LW,63,6,18,24,5,19,0.7,6,0,0,2,16,2,0,86,7,,,lauerbr01
327,Dominic Lavoie,22,STL,D,13,1,1,2,-5,16,0.4,0,1,0,0,1,0,0,20,5,,,lavoido01
328,Paul Lawless,25,TOR,LW,6,0,1,1,-4,0,-0.2,0,0,0,0,1,0,0,6,0,,,lawlepa01
329,Brian Lawton,24,TOT,LW,35,7,7,14,-15,30,0.3,3,4,0,0,5,2,0,52,13.5,,,lawtobr01
329,Brian Lawton,24,QUE,LW,14,5,6,11,-9,10,0.6,2,3,0,0,4,2,0,25,20,,,lawtobr01
329,Brian Lawton,24,HAR,LW,13,2,1,3,-2,6,0,1,1,0,0,1,0,0,17,11.8,,,lawtobr01
329,Brian Lawton,24,BOS,LW,8,0,0,0,-4,14,-0.3,0,0,0,0,0,0,0,10,0,,,lawtobr01
330,Derek Laxdal,23,NYI,RW,12,3,1,4,-4,4,0.1,3,0,0,0,1,0,0,20,15,,,laxdade01
331,Jamie Leach,20,PIT,RW,10,0,3,3,3,0,0,0,0,0,0,3,0,0,10,0,,,leachja01
332,Stephen Leach,24,WSH,RW,70,18,14,32,10,104,2.2,18,0,0,2,13,1,0,122,14.8,,,leachst01
333,Stephan Lebeau,21,MTL,RW,57,15,20,35,13,11,2.6,10,5,0,3,14,6,0,79,19,,,lebeast01
334,Grant Ledyard,28,BUF,D,67,2,13,15,2,37,3.9,2,0,0,1,7,6,0,91,2.2,,,ledyagr01
335,Gary Leeman,25,TOR,RW,80,51,44,95,4,63,8.6,36,14,1,5,32,12,0,256,19.9,,,leemaga01
336,Brian Leetch*,21,NYR,D,72,11,45,56,-18,26,6.9,6,5,0,2,16,29,0,222,5,,,leetcbr01
337,Sylvain Lefebvre,22,MTL,D,68,3,10,13,18,61,4.6,3,0,0,0,6,4,0,89,3.4,,,lefebsy01
338,Tommy Lehman,25,EDM,C,1,0,0,0,1,0,0,0,0,0,0,0,0,0,0,,,,lehmato01
339,Ken Leiter,28,MNS,D,4,0,0,0,-2,0,0,0,0,0,0,0,0,0,5,0,,,leiteke01
340,Claude Lemieux,24,MTL,RW,39,8,10,18,-8,106,0.7,5,3,0,1,4,6,0,104,7.7,,,lemiecl01
341,Jocelyn Lemieux,22,TOT,RW,73,14,13,27,-1,108,1.1,13,1,0,2,11,1,1,112,12.5,,,lemiejo01
341,Jocelyn Lemieux,22,CHI,RW,39,10,11,21,0,47,1.2,9,1,0,1,9,1,1,78,12.8,,,lemiejo01
341,Jocelyn Lemieux,22,MTL,RW,34,4,2,6,-1,61,-0.2,4,0,0,1,2,0,0,34,11.8,,,lemiejo01
342,Mario Lemieux*,24,PIT,C,59,45,78,123,-18,78,9.9,28,14,3,4,43,35,0,226,19.9,,,lemiema01
343,Tim Lenardon,27,VAN,C,8,1,0,1,-2,4,-0.1,1,0,0,0,0,0,0,9,11.1,,,lenarti01
344,Francois Leroux,19,EDM,D,3,0,1,1,-2,0,0,0,0,0,0,1,0,0,0,,,,leroufr01
345,Curtis Leschyshyn,20,QUE,D,68,2,6,8,-41,44,0.4,1,1,0,0,6,0,0,42,4.8,,,leschcu01
346,Doug Lidster,29,VAN,D,80,8,28,36,-16,36,5.1,7,1,0,0,19,8,1,143,5.6,,,lidstdo01
347,Trevor Linden,19,VAN,RW,73,21,30,51,-17,43,3.2,13,6,2,3,19,11,0,171,12.3,,,lindetr01
348,Mikael Lindholm,25,LAK,C,18,2,2,4,2,2,0,2,0,0,0,2,0,0,10,20,,,lindhmi01
349,Ken Linseman,31,TOT,C,61,11,25,36,5,96,2.1,9,2,0,0,18,7,0,79,13.9,,,linseke01
349,Ken Linseman,31,BOS,C,32,6,16,22,12,66,1.6,5,1,0,0,12,4,0,47,12.8,,,linseke01
349,Ken Linseman,31,PHI,C,29,5,9,14,-7,30,0.4,4,1,0,0,6,3,0,32,15.6,,,linseke01
350,Darcy Loewen,20,BUF,LW,4,0,0,0,-3,4,-0.2,0,0,0,0,0,0,0,1,0,,,loeweda01
351,Claude Loiselle,26,QUE,C,72,11,14,25,-27,104,0.3,8,0,3,0,13,1,0,128,8.6,,,loisecl01
352,Troy Loney,26,PIT,LW,67,11,16,27,-9,168,0.6,11,0,0,1,16,0,0,78,14.1,,,loneytr01
353,Kevin Lowe*,30,EDM,D,78,7,26,33,18,140,6,4,2,1,0,21,2,3,74,9.5,,,loweke01
354,Dave Lowry,24,STL,LW,78,19,6,25,1,75,1.4,17,0,2,1,6,0,0,98,19.4,,,lowryda01
355,Craig Ludwig,28,MTL,D,73,1,15,16,24,108,5.2,1,0,0,0,15,0,0,49,2,,,ludwicr01
356,Steve Ludzik,28,BUF,C,11,0,1,1,-2,6,-0.3,0,0,0,0,1,0,0,15,0,,,ludzist01
357,Jyrki Lumme,23,TOT,D,65,4,26,30,17,49,5.8,4,0,0,1,13,13,0,109,3.7,,,lummejy01
357,Jyrki Lumme,23,MTL,D,54,1,19,20,17,41,4.4,1,0,0,0,11,8,0,79,1.3,,,lummejy01
357,Jyrki Lumme,23,VAN,D,11,3,7,10,0,8,1.3,3,0,0,1,2,5,0,30,10,,,lummejy01
358,Paul MacDermid,26,TOT,RW,73,13,22,35,5,169,1.9,9,4,0,3,16,6,0,85,15.3,,,macdepa01
358,Paul MacDermid,26,WIN,RW,44,7,10,17,4,100,0.8,6,1,0,1,8,2,0,48,14.6,,,macdepa01
358,Paul MacDermid,26,HAR,RW,29,6,12,18,1,69,1.1,3,3,0,2,8,4,0,37,16.2,,,macdepa01
359,Al MacInnis*,26,CGY,D,79,28,62,90,20,82,12.1,13,14,1,3,21,40,1,304,9.2,,,macinal01
360,Norm Maciver,25,EDM,D,1,0,0,0,-1,0,0,0,0,0,0,0,0,0,0,,,,macivno01
361,David Mackey,23,MNS,LW,16,2,0,2,-3,28,-0.2,2,0,0,1,0,0,0,8,25,,,mackeda01
362,John MacLean,25,NJD,RW,80,41,38,79,17,80,7.1,28,10,3,11,27,10,1,322,12.7,,,maclejo01
363,Paul MacLean,31,STL,RW,78,34,33,67,2,100,5.7,22,12,0,6,27,6,0,141,24.1,,,maclepa01
364,Brian MacLellan,31,CGY,LW,65,20,18,38,-3,26,2.4,10,10,0,3,14,4,0,127,15.7,,,maclebr01
365,Jamie Macoun,28,CGY,D,78,8,27,35,34,70,7.3,7,1,0,1,22,5,0,120,6.7,,,macouja01
366,Craig MacTavish,31,EDM,C,80,21,22,43,13,89,3,14,1,6,5,18,0,4,109,19.3,,,mactacr01
367,Kevin Maguire,27,TOT,RW,66,7,9,16,-4,121,0,7,0,0,1,9,0,0,69,10.1,,,maguike01
367,Kevin Maguire,27,BUF,RW,61,6,9,15,-3,115,0,6,0,0,1,9,0,0,62,9.7,,,maguike01
367,Kevin Maguire,27,PHI,RW,5,1,0,1,-1,6,0,1,0,0,0,0,0,0,7,14.3,,,maguike01
368,Sergei Makarov*,31,CGY,RW,80,24,62,86,33,55,6.8,18,6,0,4,41,21,0,118,20.3,,,makarse01
369,Mikko Makela,24,TOT,RW,65,9,17,26,-14,18,0.3,8,1,0,0,16,1,0,82,11,,,makelmi01
369,Mikko Makela,24,LAK,RW,45,7,14,21,-4,16,0.6,7,0,0,0,14,0,0,58,12.1,,,makelmi01
369,Mikko Makela,24,NYI,RW,20,2,3,5,-10,2,-0.3,1,1,0,0,2,1,0,24,8.3,,,makelmi01
370,David Maley,26,NJD,LW,67,8,17,25,-2,160,0.6,8,0,0,2,17,0,0,82,9.8,,,maleyda01
371,Troy Mallette,19,NYR,RW,79,13,16,29,-8,305,1.1,9,4,0,1,14,2,0,107,12.1,,,malletr01
372,Don Maloney,31,NYI,LW,79,16,27,43,6,47,2.5,15,0,1,2,21,2,4,113,14.2,,,malondo01
373,Steve Maltais,21,WSH,LW,8,0,0,0,-2,2,-0.3,0,0,0,0,0,0,0,11,0,,,maltast01
374,Dave Manson,23,CHI,D,59,5,23,28,4,301,4.3,4,1,0,1,12,10,1,126,4,,,mansoda01
375,Moe Mantha,29,WIN,D,73,2,26,28,8,28,4.9,1,0,1,0,24,2,0,114,1.8,,,manthmo01
376,Bryan Marchment,20,WIN,D,7,0,2,2,0,28,0.4,0,0,0,0,2,0,0,5,0,,,marchbr02
377,Nevin Markwart,25,BOS,LW,8,1,2,3,-2,15,0.1,0,1,0,0,2,0,0,6,16.7,,,markwne01
378,Daniel Marois,21,TOR,RW,68,39,37,76,1,82,6.6,25,14,0,3,24,13,0,183,21.3,,,maroida01
379,Mario Marois,32,QUE,D,67,3,15,18,-45,104,0.9,1,2,0,0,10,5,0,108,2.8,,,maroima01
380,Brad Marsh,31,TOR,D,79,1,13,14,14,95,2.8,1,0,0,0,12,0,1,50,2,,,marshbr01
381,Tom Martin,25,HAR,LW,21,1,2,3,0,37,-0.2,1,0,0,0,2,0,0,13,7.7,,,martito02
382,Steve Martinson,30,MTL,LW,13,0,0,0,-2,64,-0.4,0,0,0,0,0,0,0,2,0,,,martist01
383,Jim Mathieson,20,WSH,D,2,0,0,0,0,4,0.1,0,0,0,0,0,0,0,0,,,,mathiji01
384,Alan May,25,WSH,LW,77,7,10,17,-1,339,-0.2,6,1,0,2,9,1,0,67,10.4,,,mayal01
385,Jay Mazur,25,VAN,C,5,0,0,0,-2,4,-0.2,0,0,0,0,0,0,0,4,0,,,mazurja01
386,Andrew McBain,25,TOT,RW,67,9,14,23,-11,73,0.3,5,4,0,0,14,0,0,106,8.5,,,mcbaian01
386,Andrew McBain,25,PIT,RW,41,5,9,14,-8,51,0,4,1,0,0,9,0,0,56,8.9,,,mcbaian01
386,Andrew McBain,25,VAN,RW,26,4,5,9,-3,22,0.3,1,3,0,0,5,0,0,50,8,,,mcbaian01
387,Wayne McBean,20,NYI,D,5,0,1,1,-1,2,0.2,0,0,0,0,1,0,0,3,0,,,mcbeawa01
388,Kevin McClelland,27,TOT,C,71,5,6,11,-6,196,-0.9,5,0,0,0,6,0,0,31,16.1,,,mccleke01
388,Kevin McClelland,27,DET,C,61,4,5,9,-5,183,-0.9,4,0,0,0,5,0,0,24,16.7,,,mccleke01
388,Kevin McClelland,27,EDM,C,10,1,1,2,-1,13,-0.1,1,0,0,0,1,0,0,7,14.3,,,mccleke01
389,Brad McCrimmon,30,CGY,D,79,4,15,19,18,78,4.9,4,0,0,0,13,2,0,97,4.1,,,mccribr01
390,Hubie McDonough,26,TOT,C,76,21,15,36,14,36,2.5,18,0,3,4,14,1,0,105,20,,,mcdonhu01
390,Hubie McDonough,26,NYI,C,54,18,11,29,10,26,2.3,15,0,3,3,10,1,0,92,19.6,,,mcdonhu01
390,Hubie McDonough,26,LAK,C,22,3,4,7,4,10,0.2,3,0,0,1,4,0,0,13,23.1,,,mcdonhu01
391,Bob McGill,27,CHI,D,69,2,10,12,-7,204,2.5,1,0,1,0,10,0,0,53,3.8,,,mcgilbo01
392,Mike McHugh,24,MNS,LW,3,0,0,0,-1,0,-0.1,0,0,0,0,0,0,0,2,0,,,mchugmi01
393,John McIntyre,20,TOR,C,59,5,12,17,-12,117,-0.4,4,0,1,1,8,3,1,44,11.4,,,mcintjo01
394,Randy McKay,23,DET,RW,33,3,6,9,1,51,0,3,0,0,0,6,0,0,33,9.1,,,mckayra02
395,Tony McKegney,31,TOT,RW,62,18,12,30,-29,53,1.3,13,5,0,0,8,4,0,107,16.8,,,mckegto01
395,Tony McKegney,31,QUE,RW,48,16,11,27,-31,45,1.3,11,5,0,0,7,4,0,89,18,,,mckegto01
395,Tony McKegney,31,DET,RW,14,2,1,3,2,8,0,2,0,0,0,1,0,0,18,11.1,,,mckegto01
396,Sean McKenna,27,TOR,RW,5,0,0,0,-3,20,-0.2,0,0,0,0,0,0,0,6,0,,,mckense01
397,Jim McKenzie,20,HAR,LW,5,0,0,0,0,4,-0.1,0,0,0,0,0,0,0,0,,,,mckenji02
398,Dave McLlwain,23,WIN,C,80,25,26,51,-1,60,3.5,17,1,7,2,20,5,1,180,13.9,,,mcllwda01
399,Mike McPhee,29,MTL,LW,56,23,18,41,28,47,4.1,22,0,1,1,17,0,1,118,19.5,,,mcphemi01
400,Basil McRae,29,MNS,LW,66,9,17,26,-5,351,0.9,7,2,0,2,13,4,0,95,9.5,,,mcraeba01
401,Chris McRae,24,DET,LW,7,1,0,1,0,45,0,1,0,0,0,0,0,0,1,100,,,mcraech01
402,Ken McRae,21,QUE,RW,66,7,8,15,-38,191,-0.9,7,0,0,1,8,0,0,83,8.4,,,mcraeke01
403,Brian McReynolds,25,WIN,C,9,0,2,2,-4,4,-0.2,0,0,0,0,2,0,0,11,0,,,mcreybr01
404,Marty McSorley,26,LAK,D,75,15,21,36,2,322,4.9,12,2,1,0,15,5,1,127,11.8,,,mcsorma01
405,Don McSween,25,BUF,D,4,0,0,0,-3,6,0,0,0,0,0,0,0,0,4,0,,,mcswedo01
406,Rick Meagher,36,STL,C,76,8,17,25,4,47,0.7,6,0,2,1,14,0,3,99,8.1,,,meaghri01
407,Scott Mellanby,23,PHI,RW,57,6,17,23,-4,77,0.5,6,0,0,1,15,2,0,104,5.8,,,mellasc01
408,Larry Melnyk,29,VAN,D,67,0,2,2,-27,91,0.9,0,0,0,0,2,0,0,45,0,,,melnyla01
409,Glenn Merkosky,30,DET,C,3,0,0,0,0,0,-0.1,0,0,0,0,0,0,0,0,,,,merkogl01
410,Mark Messier*,29,EDM,C,79,45,84,129,19,79,11.3,26,13,6,3,45,34,5,211,21.3,,,messima01
411,Mitch Messier,24,MNS,C,2,0,0,0,-2,0,-0.1,0,0,0,0,0,0,0,1,0,,,messimi01
412,Scott Metcalfe,23,BUF,LW,7,0,0,0,0,5,-0.2,0,0,0,0,0,0,0,5,0,,,metcasc01
413,Max Middendorf,22,QUE,RW,3,0,0,0,-9,0,-0.3,0,0,0,0,0,0,0,5,0,,,middema01
414,Mike Millar,24,BOS,RW,15,1,4,5,-2,0,0,1,0,0,0,4,0,0,18,5.6,,,millami01
415,Corey Millen,25,NYR,C,4,0,0,0,-2,2,-0.1,0,0,0,0,0,0,0,4,0,,,milleco01
416,Brad Miller,20,BUF,D,1,0,0,0,1,0,0.1,0,0,0,0,0,0,0,0,,,,millebr01
417,Jay Miller,29,LAK,LW,68,10,2,12,-6,224,-0.6,10,0,0,1,2,0,0,44,22.7,,,milleja02
418,Kelly Miller,26,WSH,LW,80,18,22,40,-2,49,2.2,13,3,2,2,18,2,2,107,16.8,,,milleke01
419,Kevin Miller,24,NYR,C,16,0,5,5,-1,2,0,0,0,0,0,5,0,0,9,0,,,milleke02
420,Mike Modano*,19,MNS,RW,80,29,46,75,-7,63,5.7,17,12,0,2,29,17,0,172,16.9,,,modanmi01
421,Alexander Mogilny,20,BUF,LW,65,15,28,43,8,16,2.9,11,4,0,2,20,8,0,130,11.5,,,mogilal01
422,John Mokosak,26,DET,D,33,0,1,1,-9,82,0.3,0,0,0,0,1,0,0,15,0,,,mokosjo01
423,Randy Moller,26,NYR,D,60,1,12,13,-1,139,3.5,1,0,0,0,12,0,0,47,2.1,,,mollera01
424,Mitch Molloy,23,BUF,LW,2,0,0,0,0,10,0,0,0,0,0,0,0,0,0,,,,mollomi01
425,Sergio Momesso,24,STL,LW,79,24,32,56,-15,199,3.6,20,4,0,4,21,11,0,182,13.2,,,momesse01
426,Michel Mongeau,24,STL,C,7,1,5,6,4,2,0.5,1,0,0,0,3,2,0,2,50,,,mongemi01
427,Jay More,21,MNS,D,5,0,0,0,1,16,0.2,0,0,0,0,0,0,0,4,0,,,moreja01
428,Stephane Morin,20,QUE,C,6,0,2,2,1,2,0,0,0,0,0,2,0,0,11,0,,,morinst01
429,Jon Morris,23,NJD,C,20,6,7,13,12,8,1.2,4,2,0,1,7,0,0,17,35.3,,,morrijo02
430,Dean Morton,21,DET,D,1,1,0,1,-1,2,0.1,1,0,0,0,0,0,0,2,50,,,mortode01
431,Brian Mullen,27,NYR,RW,76,27,41,68,7,42,5.5,17,7,3,3,25,15,1,186,14.5,,,mullebr01
432,Joe Mullen*,32,CGY,RW,78,36,33,69,6,24,5.7,25,8,3,5,17,16,0,236,15.3,,,mullejo01
433,Kirk Muller,23,NJD,LW,80,30,56,86,-1,74,6.3,21,9,0,6,44,12,0,200,15,,,mulleki01
434,Craig Muni,27,EDM,D,71,5,12,17,22,81,4.7,3,0,2,0,11,0,1,42,11.9,,,municr01
435,Gord Murphy,22,PHI,D,75,14,27,41,-7,95,5.6,10,4,0,1,15,12,0,160,8.8,,,murphgo01
436,Joe Murphy,22,TOT,RW,71,10,19,29,5,60,1.1,8,2,0,1,19,0,0,117,8.5,,,murphjo01
436,Joe Murphy,22,EDM,RW,62,7,18,25,1,56,0.7,5,2,0,0,18,0,0,101,6.9,,,murphjo01
436,Joe Murphy,22,DET,RW,9,3,1,4,4,4,0.4,3,0,0,1,1,0,0,16,18.8,,,murphjo01
437,Larry Murphy*,28,MNS,D,77,10,58,68,-13,44,7.7,6,4,0,1,29,29,0,173,5.8,,,murphla01
438,Rob Murphy,20,VAN,LW,12,1,1,2,-13,0,-0.4,1,0,0,1,1,0,0,6,16.7,,,murphro02
439,Bob Murray,35,CHI,D,49,5,19,24,3,45,3.7,2,3,0,1,9,10,0,84,6,,,murrabo02
440,Rob Murray,22,WSH,C,41,2,7,9,-10,58,-0.5,2,0,0,0,7,0,0,29,6.9,,,murraro01
441,Troy Murray,27,CHI,C,68,17,38,55,-2,86,3.4,13,3,1,4,22,14,2,111,15.3,,,murratr01
442,Dana Murzyn,23,CGY,D,78,7,13,20,19,140,5.3,6,1,0,0,13,0,0,97,7.2,,,murzyda01
443,Frantisek Musil,25,MNS,D,56,2,8,10,0,109,2.8,2,0,0,1,6,1,1,78,2.6,,,musilfr01
444,Don Nachbaur,31,PHI,C,2,0,1,1,1,0,0,0,0,0,0,1,0,0,0,,,,nachbdo01
445,Mats Näslund,30,MTL,LW,72,21,20,41,3,19,2.8,15,6,0,3,16,4,0,136,15.4,,,nasluma01
446,Ric Nattress,27,CGY,D,49,1,14,15,14,26,3.4,1,0,0,0,13,1,0,65,1.5,,,nattrri01
447,Cam Neely*,24,BOS,RW,76,55,37,92,10,117,9.4,30,25,0,12,24,13,0,271,20.3,,,neelyca01
448,Ray Neufeld,30,BOS,RW,1,0,0,0,0,0,0,0,0,0,0,0,0,0,1,0,,,neufera01
449,Bernie Nicholls,28,TOT,C,79,39,73,112,-9,86,8.7,24,15,0,1,35,37,1,287,13.6,,,nichobe01
449,Bernie Nicholls,28,LAK,C,47,27,48,75,-6,66,5.9,19,8,0,1,25,22,1,172,15.7,,,nichobe01
449,Bernie Nicholls,28,NYR,C,32,12,25,37,-3,20,2.8,5,7,0,0,10,15,0,115,10.4,,,nichobe01
450,Joe Nieuwendyk*,23,CGY,C,79,45,50,95,32,40,9,27,18,0,3,33,17,0,226,19.9,,,nieuwjo01
451,Chris Nilan,31,NYR,RW,25,1,2,3,-8,59,-0.5,1,0,0,0,2,0,0,24,4.2,,,nilanch01
452,Jim Nill,31,DET,RW,15,0,2,2,-3,18,-0.3,0,0,0,0,2,0,0,10,0,,,nillji01
453,Brian Noonan,24,CHI,RW,8,0,2,2,0,6,-0.1,0,0,0,0,2,0,0,13,0,,,noonabr01
454,Robert Nordmark,27,VAN,D,44,2,11,13,-16,34,1.7,1,1,0,0,2,9,0,86,2.3,,,nordmro01
455,Jeff Norton,24,NYI,D,60,4,49,53,-9,65,5.4,0,4,0,0,19,30,0,104,3.8,,,nortoje01
456,Lee Norwood,29,DET,D,64,8,14,22,14,95,4.3,7,1,0,1,9,2,3,60,13.3,,,norwole01
457,Teppo Numminen,21,WIN,D,79,11,32,43,-4,20,6.2,10,1,0,1,19,12,1,105,10.5,,,nummite01
458,Gary Nylund,26,NYI,D,64,4,21,25,8,144,4.4,2,2,0,0,16,4,1,65,6.2,,,nylunga01
459,Mike O'Connell,34,DET,D,66,4,14,18,-12,22,2.3,4,0,0,0,12,1,1,57,7,,,oconnmi01
460,Bill O'Dwyer,30,BOS,C,6,0,1,1,-2,2,-0.1,0,0,0,0,1,0,0,7,0,,,odwyebi01
461,Adam Oates*,27,STL,C,80,23,79,102,9,30,7.6,15,6,2,3,50,28,1,168,13.7,,,oatesad01
462,Lyle Odelein,21,MTL,D,8,0,2,2,-1,33,0.4,0,0,0,0,2,0,0,1,0,,,odelely01
463,John Ogrodnick,30,NYR,LW,80,43,31,74,11,44,7.2,24,19,0,8,19,12,0,215,20,,,ogrodjo01
464,Janne Ojanen,21,NJD,C,64,17,13,30,-5,12,1.6,16,1,0,1,9,4,0,76,22.4,,,ojaneja01
465,Fredrik Olausson,23,WIN,D,77,9,46,55,-1,32,7,6,3,0,0,22,21,3,147,6.1,,,olausfr01
466,Ed Olczyk,23,TOR,C,79,32,56,88,0,78,6.6,26,6,0,4,39,17,0,208,15.4,,,olczyed01
467,Keith Osborne,20,STL,RW,5,0,2,2,-2,8,0,0,0,0,0,2,0,0,4,0,,,osborke01
468,Mark Osborne,28,TOR,LW,78,23,50,73,2,91,4.9,19,3,1,6,31,14,5,137,16.8,,,osborma01
469,Joel Otto,28,CGY,C,75,13,20,33,4,116,1.4,6,7,0,0,13,4,3,96,13.5,,,ottojo01
470,Jeff Parker,25,BUF,RW,61,4,5,9,-9,70,-0.8,4,0,0,0,5,0,0,61,6.6,,,parkeje01
471,Greg Paslawski,28,WIN,RW,71,18,30,48,-4,14,2.9,11,7,0,6,22,8,0,122,14.8,,,paslagr01
472,James Patrick,26,NYR,D,73,14,43,57,4,50,8.5,5,9,0,0,16,25,2,136,10.3,,,patrija01
473,Colin Patterson,29,CGY,LW,61,5,3,8,-4,20,-0.9,5,0,0,0,2,0,1,56,8.9,,,patteco01
474,Kent Paynter,24,WSH,D,13,1,2,3,-7,18,0.4,1,0,0,0,2,0,0,15,6.7,,,payntke01
475,Scott Pearson,20,TOR,LW,41,5,10,15,-7,90,0.1,5,0,0,1,9,1,0,66,7.6,,,pearssc01
476,Allen Pedersen,25,BOS,D,68,1,2,3,-5,71,2.9,1,0,0,0,1,1,0,32,3.1,,,pederal01
477,Barry Pederson,28,TOT,C,54,6,25,31,-13,39,0.9,5,1,0,1,16,9,0,80,7.5,,,pederba01
477,Barry Pederson,28,PIT,C,38,4,18,22,-10,29,0.5,3,1,0,1,11,7,0,58,6.9,,,pederba01
477,Barry Pederson,28,VAN,C,16,2,7,9,-3,10,0.4,2,0,0,0,5,2,0,22,9.1,,,pederba01
478,Mark Pederson,22,MTL,LW,9,0,2,2,0,2,-0.1,0,0,0,0,2,0,0,10,0,,,pederma01
479,Mike Peluso,24,CHI,D,2,0,0,0,0,15,0.1,0,0,0,0,0,0,0,0,,,,pelusmi01
480,Jim Peplinski,29,CGY,LW,6,1,0,1,-1,4,0,1,0,0,0,0,0,0,12,8.3,,,pepliji01
481,Michel Petit,25,QUE,D,63,12,24,36,-38,215,3.2,7,5,0,0,11,13,0,137,8.8,,,petitmi01
482,Robert Picard,32,TOT,D,44,0,8,8,-3,48,1.5,0,0,0,0,7,1,0,39,0,,,picarro02
482,Robert Picard,32,QUE,D,24,0,5,5,-5,28,0.8,0,0,0,0,4,1,0,25,0,,,picarro02
482,Robert Picard,32,DET,D,20,0,3,3,2,20,0.8,0,0,0,0,3,0,0,14,0,,,picarro02
483,Rich Pilon,21,NYI,D,14,0,2,2,2,31,0.7,0,0,0,0,2,0,0,5,0,,,pilonri01
484,Michal Pivonka,24,WSH,C,77,25,39,64,-7,54,4.5,12,10,3,0,26,13,0,149,16.8,,,pivonmi01
485,Adrien Plavsic,20,TOT,D,15,3,3,6,1,10,1.2,1,2,0,0,3,0,0,14,21.4,,,plavsad01
485,Adrien Plavsic,20,VAN,D,11,3,2,5,-2,8,0.9,1,2,0,0,2,0,0,13,23.1,,,plavsad01
485,Adrien Plavsic,20,STL,D,4,0,1,1,3,2,0.4,0,0,0,0,1,0,0,1,0,,,plavsad01
486,Larry Playfair,31,BUF,D,4,0,1,1,-2,2,0.1,0,0,0,0,1,0,0,0,,,,playfla01
487,Walt Poddubny,29,NJD,LW,33,4,10,14,-4,28,0.3,3,1,0,0,6,4,0,50,8,,,podduwa01
488,Rudy Poeschek,23,NYR,RW,15,0,0,0,-1,55,-0.4,0,0,0,0,0,0,0,1,0,,,poescru01
489,Dave Poulin,31,TOT,C,60,15,27,42,16,24,3.1,14,0,1,1,25,2,0,88,17,,,poulida02
489,Dave Poulin,31,BOS,C,32,6,19,25,11,12,1.8,5,0,1,0,17,2,0,42,14.3,,,poulida02
489,Dave Poulin,31,PHI,C,28,9,8,17,5,12,1.3,9,0,0,1,8,0,0,46,19.6,,,poulida02
490,Petr Prajsler,24,LAK,D,34,3,7,10,-9,47,0.9,2,1,0,0,3,4,0,49,6.1,,,prajspe01
491,Wayne Presley,24,CHI,RW,49,6,7,13,-19,69,-0.4,5,1,0,0,6,1,0,75,8,,,preslwa01
492,Sergei Priakin,26,CGY,RW,20,2,2,4,-7,0,-0.3,2,0,0,1,2,0,0,17,11.8,,,priakse01
493,Ken Priestlay,22,BUF,C,35,7,7,14,-1,14,0.7,6,1,0,1,4,3,0,66,10.6,,,prieske01
494,Bob Probert,24,DET,LW,4,3,0,3,0,21,0.3,3,0,0,1,0,0,0,12,25,,,probebo01
495,Brian Propp,30,TOT,LW,54,16,24,40,5,41,2.9,10,5,1,0,16,8,0,153,10.5,,,proppbr01
495,Brian Propp,30,PHI,LW,40,13,15,28,3,31,2,8,5,0,0,10,5,0,108,12,,,proppbr01
495,Brian Propp,30,BOS,LW,14,3,9,12,2,10,0.8,2,0,1,0,6,3,0,45,6.7,,,proppbr01
496,Chris Pryor,29,NYI,D,10,0,0,0,-7,24,-0.1,0,0,0,0,0,0,0,2,0,,,pryorch01
497,Joel Quenneville,31,HAR,D,44,1,4,5,9,34,2.6,1,0,0,0,4,0,0,17,5.9,,,quennjo01
498,Dan Quinn,24,TOT,C,78,25,38,63,-17,49,4,14,11,0,5,22,16,0,181,13.8,,,quinnda01
498,Dan Quinn,24,PIT,C,41,9,20,29,-15,22,1.2,4,5,0,2,11,9,0,86,10.5,,,quinnda01
498,Dan Quinn,24,VAN,C,37,16,18,34,-2,27,2.8,10,6,0,3,11,7,0,95,16.8,,,quinnda01
499,Stephane Quintal,21,BOS,D,38,2,2,4,-11,22,1.4,2,0,0,0,2,0,0,43,4.7,,,quintst01
500,Yves Racine,20,DET,D,28,4,9,13,-3,23,1.7,3,1,0,0,6,3,0,49,8.2,,,racinyv01
501,Herb Raglan,22,STL,RW,11,0,1,1,-5,21,-0.3,0,0,0,0,1,0,0,13,0,,,raglahe01
502,Rob Ramage,31,TOR,D,80,8,41,49,-1,202,5.1,5,3,0,1,19,22,0,196,4.1,,,ramagro01
503,Mike Ramsey,29,BUF,D,73,4,21,25,21,47,6.1,3,1,0,2,16,4,1,91,4.4,,,ramsemi01
504,Paul Ranheim,24,CGY,LW,80,26,28,54,27,23,4.4,22,1,3,4,24,2,2,197,13.2,,,ranhepa01
505,Rob Ray,21,BUF,LW,27,2,1,3,-2,99,-0.3,2,0,0,0,1,0,0,20,10,,,rayro01
506,Mark Recchi*,21,PIT,RW,74,30,37,67,6,44,5.1,22,6,2,4,33,4,0,143,21,,,recchma01
507,Joe Reekie,24,NYI,D,31,1,8,9,13,43,2.3,1,0,0,1,8,0,0,22,4.5,,,reekijo01
508,Dave Reid,25,TOR,LW,70,9,19,28,-8,9,0.5,5,0,4,1,16,0,3,97,9.3,,,reidda02
509,Paul Reinhart,30,VAN,D,67,17,40,57,2,30,7.9,7,9,1,1,18,22,0,139,12.2,,,reinhpa01
510,Bobby Reynolds,22,TOR,LW,7,1,1,2,-3,0,-0.1,1,0,0,0,1,0,0,13,7.7,,,reynobo01
511,Jean-Marc Richard,23,QUE,D,1,0,0,0,-1,0,0,0,0,0,0,0,0,0,0,,,,richaje01
512,Mike Richard,23,WSH,C,3,0,2,2,0,2,0.1,0,0,0,0,2,0,0,5,0,,,richami01
513,Luke Richardson,20,TOR,D,67,4,14,18,-1,122,2.3,4,0,0,0,11,3,0,80,5,,,richalu01
514,Stephane Richer,23,MTL,RW,75,51,40,91,35,46,9.6,42,9,0,8,27,13,0,269,19,,,richest02
515,Dave Richter,29,STL,D,2,0,0,0,-2,0,0,0,0,0,0,0,0,0,3,0,,,richtda01
516,Mike Ridley,26,WSH,C,74,30,43,73,0,27,5.8,19,8,3,3,31,10,2,124,24.2,,,ridlemi01
517,Gary Roberts,23,CGY,LW,78,39,33,72,31,222,6.9,34,5,0,5,31,2,0,175,22.3,,,roberga01
518,Gordie Roberts,32,STL,D,75,3,14,17,-12,140,3.3,3,0,0,0,12,2,0,56,5.4,,,robergo02
519,Torrie Robertson,28,DET,LW,42,1,5,6,-3,112,-0.7,1,0,0,0,5,0,0,20,5,,,roberto01
520,Larry Robinson*,38,LAK,D,64,7,32,39,7,34,4.6,6,1,0,1,21,11,0,80,8.8,,,robinla01
521,Scott Robinson,25,MNS,RW,1,0,0,0,0,2,0,0,0,0,0,0,0,0,0,,,,robinsc01
522,Luc Robitaille*,23,LAK,LW,80,52,49,101,8,38,9,32,20,0,7,35,13,1,210,24.8,,,robitlu01
523,Normand Rochefort,29,NYR,D,31,3,1,4,2,24,1.9,3,0,0,1,0,0,1,30,10,,,rocheno01
524,Jeremy Roenick,20,CHI,C,78,26,40,66,2,54,4.7,20,6,0,4,25,15,0,173,15,,,roenije01
525,Bob Rouse,25,WSH,D,70,4,16,20,-2,123,4.1,4,0,0,2,10,6,0,72,5.6,,,rousebo01
526,Jean-Marc Routhier,21,QUE,RW,8,0,0,0,-3,9,-0.3,0,0,0,0,0,0,0,8,0,,,routhje01
527,Lindy Ruff,29,NYR,LW,56,3,6,9,-10,80,-0.6,3,0,0,2,6,0,0,59,5.1,,,ruffli01
528,Reijo Ruotsalainen,29,TOT,D,41,3,12,15,-5,20,2.2,2,1,0,0,5,7,0,80,3.8,,,ruotsre01
528,Reijo Ruotsalainen,29,NJD,D,31,2,5,7,-4,14,1.3,1,1,0,0,3,2,0,52,3.8,,,ruotsre01
528,Reijo Ruotsalainen,29,EDM,D,10,1,7,8,-1,6,0.9,1,0,0,0,2,5,0,28,3.6,,,ruotsre01
529,Cam Russell,21,CHI,D,19,0,1,1,-3,27,0.4,0,0,0,0,1,0,0,10,0,,,russeca01
530,Christian Ruuttu,25,BUF,C,75,19,41,60,9,66,4.3,14,4,1,2,33,6,2,160,11.9,,,ruuttch01
531,Vladimir Ruzicka,26,EDM,C,25,11,6,17,-21,10,0.8,7,4,0,1,3,3,0,52,21.2,,,ruzicvl01
532,Shaun Sabol,23,PHI,D,2,0,0,0,0,0,0.1,0,0,0,0,0,0,0,2,0,,,sabolsh01
533,Ken Sabourin,23,CGY,D,5,0,0,0,1,10,0.2,0,0,0,0,0,0,0,3,0,,,sabouke01
534,Joe Sakic*,20,QUE,C,80,39,63,102,-40,27,7.6,30,8,1,2,36,27,0,234,16.7,,,sakicjo01
535,Börje Salming*,38,DET,D,49,2,17,19,20,52,3.7,0,2,0,0,12,4,1,52,3.8,,,salmibo01
536,Kjell Samuelsson,31,PHI,D,66,5,17,22,20,91,4.8,5,0,0,1,15,1,1,88,5.7,,,samuekj01
537,Ulf Samuelsson,25,HAR,D,55,2,11,13,15,177,4.1,2,0,0,0,10,1,0,57,3.5,,,samueul01
538,Jim Sandlak,23,VAN,RW,70,15,8,23,-15,104,0.8,14,1,0,2,7,1,0,135,11.1,,,sandlji01
539,Tomas Sandström,25,TOT,RW,76,32,39,71,-11,128,5.4,24,7,1,3,24,15,0,249,12.9,,,sandsto01
539,Tomas Sandström,25,NYR,RW,48,19,19,38,-10,100,2.9,13,6,0,3,11,8,0,166,11.4,,,sandsto01
539,Tomas Sandström,25,LAK,RW,28,13,20,33,-1,28,2.5,11,1,1,0,13,7,0,83,15.7,,,sandsto01
540,Everett Sanipass,21,TOT,LW,21,5,5,10,-4,25,0.5,3,2,0,0,3,2,0,32,15.6,,,sanipev01
540,Everett Sanipass,21,CHI,LW,12,2,2,4,0,17,0.1,2,0,0,0,2,0,0,16,12.5,,,sanipev01
540,Everett Sanipass,21,QUE,LW,9,3,3,6,-4,8,0.4,1,2,0,0,1,2,0,16,18.8,,,sanipev01
541,Denis Savard*,28,CHI,C,60,27,53,80,8,56,6.5,15,10,2,4,30,21,2,181,14.9,,,savarde01
542,Mathieu Schneider,20,MTL,D,44,7,14,21,2,25,3.8,2,5,0,1,9,5,0,84,8.3,,,schnema01
543,Al Secord,31,CHI,LW,43,14,7,21,5,131,1.6,13,1,0,0,7,0,0,68,20.6,,,secoral01
544,Jaroslav Sevcik,24,QUE,LW,13,0,2,2,-5,2,-0.3,0,0,0,0,1,1,0,9,0,,,sevcija01
545,Brent Severyn,23,QUE,LW,35,0,2,2,-19,42,-1.1,0,0,0,0,2,0,0,28,0,,,severbr01
546,Brendan Shanahan*,21,NJD,LW,73,30,42,72,15,137,5.9,22,8,0,5,29,13,0,196,15.3,,,shanabr01
547,Daniel Shank,22,DET,RW,57,11,13,24,1,143,1.1,11,0,0,1,13,0,0,61,18,,,shankda01
548,Darrin Shannon,20,BUF,LW,17,2,7,9,6,4,0.6,2,0,0,0,7,0,0,20,10,,,shannda02
549,Darryl Shannon,21,TOR,D,10,0,1,1,-10,12,-0.4,0,0,0,0,1,0,0,16,0,,,shannda01
550,Brad Shaw,25,HAR,D,64,3,32,35,2,30,5.4,0,3,0,0,16,13,3,65,4.6,,,shawbr01
551,David Shaw,25,NYR,D,22,2,10,12,-3,22,1.8,0,1,1,0,7,3,0,24,8.3,,,shawda01
552,Neil Sheehy,29,WSH,D,59,1,5,6,8,291,3,1,0,0,0,5,0,0,32,3.1,,,sheehne01
553,Ray Sheppard,23,BUF,RW,18,4,2,6,3,0,0.4,3,1,0,1,2,0,0,31,12.9,,,sheppra01
554,Bruce Shoebottom,24,BOS,D,2,0,0,0,0,4,0.1,0,0,0,0,0,0,0,3,0,,,shoebbr01
555,Trevor Sim,19,EDM,RW,3,0,1,1,0,2,0,0,0,0,0,1,0,0,0,,,,simtr01
556,Craig Simpson,22,EDM,LW,80,29,32,61,-2,180,4.5,22,7,0,2,21,11,0,129,22.5,,,simpscr01
557,Ilkka Sinisalo,31,PHI,RW,59,23,23,46,6,26,3.7,16,4,3,4,17,3,3,102,22.5,,,sinisil01
558,Ville Siren,25,MNS,D,53,1,13,14,1,60,2.9,1,0,0,0,9,4,0,53,1.9,,,sirenvi01
559,Randy Skarda,21,STL,D,25,0,5,5,2,11,1.3,0,0,0,0,5,0,0,8,0,,,skardra01
560,Petri Skriko,27,VAN,LW,77,15,33,48,-21,36,2.4,11,3,1,2,20,12,1,172,8.7,,,skrikpe01
561,Brian Skrudland,26,MTL,C,59,11,31,42,21,56,3,7,4,0,1,25,5,1,70,15.7,,,skrudbr01
562,Doug Smail,32,WIN,LW,79,25,24,49,15,63,3.8,23,1,1,6,19,3,2,165,15.2,,,smaildo01
563,Bobby Smith,31,MTL,C,53,12,14,26,-4,35,1.4,8,4,0,2,10,4,0,102,11.8,,,smithbo01
564,Dennis Smith,25,WSH,D,4,0,0,0,0,0,0.1,0,0,0,0,0,0,0,0,,,,smithde03
565,Derrick Smith,25,PHI,LW,55,3,6,9,-15,32,-1,3,0,0,0,5,0,1,72,4.2,,,smithde04
566,Doug Smith,26,TOT,C,40,4,5,9,-1,97,0,3,0,1,0,5,0,0,51,7.8,,,smithdo03
566,Doug Smith,26,VAN,C,30,3,4,7,1,72,0.1,2,0,1,0,4,0,0,40,7.5,,,smithdo03
566,Doug Smith,26,PIT,C,10,1,1,2,-2,25,-0.1,1,0,0,0,1,0,0,11,9.1,,,smithdo03
567,Geoff Smith,20,EDM,D,74,4,11,15,13,52,4,3,1,0,0,10,1,0,66,6.1,,,smithge01
568,Steve Smith,26,EDM,D,75,7,34,41,6,171,5.8,4,3,0,1,14,19,1,125,5.6,,,smithst05
569,Stan Smyl,32,VAN,RW,47,1,15,16,-14,71,-0.2,1,0,0,0,13,2,0,58,1.7,,,smylst01
570,Greg Smyth,23,QUE,D,13,0,0,0,-8,57,-0.1,0,0,0,0,0,0,0,4,0,,,smythgr01
571,Harold Snepsts,35,TOT,D,46,1,4,5,-1,36,1.9,0,1,0,1,4,0,0,15,6.7,,,snepsha01
571,Harold Snepsts,35,VAN,D,39,1,3,4,3,26,1.8,0,1,0,1,3,0,0,13,7.7,,,snepsha01
571,Harold Snepsts,35,STL,D,7,0,1,1,-4,10,0.1,0,0,0,0,1,0,0,2,0,,,snepsha01
572,Dave Snuggerud,23,BUF,RW,80,14,16,30,8,41,1.5,11,1,2,2,14,1,1,120,11.7,,,snuggda01
573,Daryl Stanley,27,VAN,D,23,1,1,2,-2,27,0.9,1,0,0,1,1,0,0,7,14.3,,,stanlda01
574,Sergei Starikov,31,NJD,D,16,0,1,1,-8,8,0.1,0,0,0,0,1,0,0,6,0,,,starise01
575,Peter Stastny*,33,TOT,C,74,29,44,73,-46,40,4.6,17,12,0,1,21,23,0,156,18.6,,,stastpe01
575,Peter Stastny*,33,QUE,C,62,24,38,62,-45,24,3.8,14,10,0,0,18,20,0,131,18.3,,,stastpe01
575,Peter Stastny*,33,NJD,C,12,5,6,11,-1,16,0.8,3,2,0,1,3,3,0,25,20,,,stastpe01
576,Thomas Steen,29,WIN,C,53,18,48,66,2,35,4.9,13,5,0,3,27,20,1,129,14,,,steenth01
577,Ron Stern,23,VAN,RW,34,2,3,5,-17,208,-0.7,2,0,0,0,3,0,0,27,7.4,,,sternro01
578,Kevin Stevens,24,PIT,LW,76,29,41,70,-13,171,4.6,17,12,0,1,31,10,0,179,16.2,,,steveke01
579,Mike Stevens,24,TOR,LW,1,0,0,0,0,0,0,0,0,0,0,0,0,0,2,0,,,stevemi01
580,Scott Stevens*,25,WSH,D,56,11,29,40,1,154,5.8,4,7,0,0,16,13,0,143,7.7,,,stevesc01
581,Doug Sulliman,30,PHI,RW,28,3,4,7,4,0,0.1,3,0,0,0,4,0,0,28,10.7,,,sullido01
582,Patrik Sundström,28,NJD,C,74,27,49,76,15,34,6,18,8,1,0,37,10,2,142,19,,,sundspa01
583,Peter Sundstrom,28,NJD,LW,21,1,2,3,1,4,-0.2,1,0,0,0,2,0,0,16,6.3,,,sundspe01
584,Gary Suter,25,CGY,D,76,16,60,76,4,97,9.2,11,5,0,1,21,38,1,211,7.6,,,suterga01
585,Brent Sutter,27,NYI,C,67,33,35,68,9,65,6,13,17,3,3,24,10,1,198,16.7,,,suttebr02
586,Duane Sutter,29,CHI,C,72,4,14,18,-2,156,-0.4,4,0,0,1,13,1,0,70,5.7,,,suttedu01
587,Rich Sutter,26,TOT,RW,74,11,9,20,-3,155,0.5,10,0,1,1,8,0,1,122,9,,,sutteri01
587,Rich Sutter,26,VAN,RW,62,9,9,18,-1,133,0.6,8,0,1,1,8,0,1,100,9,,,sutteri01
587,Rich Sutter,26,STL,RW,12,2,0,2,-2,22,-0.1,2,0,0,0,0,0,0,22,9.1,,,sutteri01
588,Ron Sutter,26,PHI,C,75,22,26,48,2,104,3.2,20,0,2,6,25,1,0,157,14,,,suttero01
589,Petr Svoboda,23,MTL,D,60,5,31,36,20,98,6.3,3,2,0,2,14,17,0,90,5.6,,,svobope01
590,Bob Sweeney,26,BOS,C,70,22,24,46,2,93,3.4,15,5,2,6,16,7,1,147,15,,,sweenbo01
591,Don Sweeney,23,BOS,D,58,3,5,8,11,58,3.8,3,0,0,0,5,0,0,49,6.1,,,sweendo01
592,Phil Sykes,30,WIN,LW,48,9,6,15,-8,26,0.3,8,0,1,0,5,0,1,50,18,,,sykesph01
593,Peter Taglianetti,26,WIN,D,49,3,6,9,20,136,3.5,3,0,0,1,6,0,0,57,5.3,,,taglipe01
594,Tony Tanti,26,TOT,RW,78,28,36,64,-10,72,4.5,16,12,0,0,23,13,0,192,14.6,,,tantito01
594,Tony Tanti,26,VAN,RW,41,14,18,32,1,50,2.5,9,5,0,0,12,6,0,103,13.6,,,tantito01
594,Tony Tanti,26,PIT,RW,37,14,18,32,-11,22,2,7,7,0,0,11,7,0,89,15.7,,,tantito01
595,Dave Taylor,34,LAK,RW,58,15,26,41,17,96,2.8,13,2,0,1,22,4,0,100,15,,,tayloda01
596,Michael Thelvén,29,BOS,D,6,0,2,2,3,23,0.6,0,0,0,0,2,0,0,8,0,,,thelvmi01
597,Gilles Thibaudeau,26,TOT,C,41,11,15,26,8,30,1.8,8,3,0,2,11,4,0,67,16.4,,,thibagi01
597,Gilles Thibaudeau,26,TOR,C,21,7,11,18,6,13,1.4,4,3,0,2,7,4,0,44,15.9,,,thibagi01
597,Gilles Thibaudeau,26,NYI,C,20,4,4,8,2,17,0.4,4,0,0,0,4,0,0,23,17.4,,,thibagi01
598,Steve Thomas,26,CHI,RW,76,40,30,70,-3,91,6,27,13,0,7,25,5,0,235,17,,,thomast01
599,Dave Thomlinson,23,STL,LW,19,1,2,3,-4,12,-0.3,1,0,0,0,2,0,0,17,5.9,,,thomlda01
600,Jim Thomson,24,NJD,RW,3,0,0,0,-3,31,-0.2,0,0,0,0,0,0,0,3,0,,,thomsji02
601,Mario Thyer,23,MNS,C,5,0,0,0,-3,0,-0.2,0,0,0,0,0,0,0,4,0,,,thyerma01
602,Esa Tikkanen,25,EDM,C,79,30,33,63,17,161,5.2,20,6,4,6,17,16,0,199,15.1,,,tikkaes01
603,Tom Tilley,24,STL,D,34,0,5,5,10,6,2,0,0,0,0,5,0,0,19,0,,,tilleto01
604,Mark Tinordi,23,MNS,D,66,3,7,10,0,240,3.2,2,1,0,0,7,0,0,50,6,,,tinorma01
605,Dave Tippett,28,HAR,LW,66,8,19,27,0,32,1,7,0,1,3,17,0,2,91,8.8,,,tippeda01
606,Rick Tocchet,25,PHI,RW,75,37,59,96,4,196,7.9,21,15,1,0,39,18,2,269,13.8,,,tocchri01
607,Mike Tomlak,25,HAR,C,70,7,14,21,5,48,0.5,5,1,1,2,12,1,1,64,10.9,,,tomlami01
608,John Tonelli,32,LAK,LW,73,31,37,68,-8,62,4.8,16,15,0,4,28,9,0,163,19,,,toneljo01
609,Graeme Townshend,24,BOS,RW,4,0,0,0,-1,7,-0.1,0,0,0,0,0,0,0,3,0,,,townsgr01
610,Bryan Trottier*,33,NYI,C,59,13,11,24,-11,29,0.9,9,4,0,0,9,2,0,84,15.5,,,trottbr01
611,John Tucker,25,TOT,RW,46,10,21,31,8,12,2.1,8,2,0,1,14,6,1,69,14.5,,,tuckejo01
611,John Tucker,25,WSH,RW,38,9,19,28,11,10,2.1,8,1,0,1,13,6,0,61,14.8,,,tuckejo01
611,John Tucker,25,BUF,RW,8,1,2,3,-3,2,0,0,1,0,0,1,0,1,8,12.5,,,tuckejo01
612,Allan Tuer,26,HAR,D,2,0,0,0,-1,6,0,0,0,0,0,0,0,0,0,,,,tueral01
613,Alfie Turcotte,24,WSH,C,4,0,2,2,0,0,0,0,0,0,0,1,1,0,4,0,,,turcoal01
614,Darren Turcotte,21,NYR,LW,76,32,34,66,3,32,5.6,21,10,1,4,15,18,1,205,15.6,,,turcoda01
615,Pierre Turgeon,20,BUF,C,80,40,66,106,10,29,9.1,22,17,1,10,36,29,1,193,20.7,,,turgepi01
616,Sylvain Turgeon,25,NJD,RW,72,30,17,47,-8,81,3.5,23,7,0,3,13,4,0,218,13.8,,,turgesy01
617,Brian Tutt,27,WSH,D,7,1,0,1,-4,2,0.2,1,0,0,0,0,0,0,5,20,,,tuttbr01
618,Steve Tuttle,24,STL,C,71,12,10,22,-6,4,0.6,10,1,1,1,8,1,1,92,13,,,tuttlst01
619,Tony Twist,21,STL,D,28,0,0,0,-2,124,0.8,0,0,0,0,0,0,0,2,0,,,twistto01
620,Rick Vaive,30,BUF,RW,70,29,19,48,9,74,4.2,21,8,0,4,11,8,0,195,14.9,,,vaiveri01
621,Wayne Van Dorp,28,CHI,LW,61,7,4,11,-3,303,-0.4,7,0,0,1,4,0,0,38,18.4,,,vandowa01
622,Randy Velischek,27,NJD,D,62,0,6,6,4,72,2.4,0,0,0,0,6,0,0,34,0,,,velisra01
623,Pat Verbeek,25,HAR,LW,80,44,45,89,1,228,7.9,30,14,0,5,25,20,0,219,20.1,,,verbepa01
624,Mark Vermette,22,QUE,RW,11,1,5,6,-3,8,0.2,1,0,0,0,5,0,0,16,6.3,,,vermema01
625,Jim Vesey,24,STL,C,6,0,1,1,-3,0,-0.2,0,0,0,0,1,0,0,3,0,,,veseyji01
626,Claude Vilgrain,26,NJD,RW,6,1,2,3,-1,4,0.1,1,0,0,0,2,0,0,13,7.7,,,vilgrcl01
627,Dan Vincelette,22,TOT,LW,13,0,1,1,-7,29,-0.4,0,0,0,0,1,0,0,17,0,,,vinceda01
627,Dan Vincelette,22,QUE,LW,11,0,1,1,-6,25,-0.3,0,0,0,0,1,0,0,15,0,,,vinceda01
627,Dan Vincelette,22,CHI,LW,2,0,0,0,-1,4,-0.1,0,0,0,0,0,0,0,2,0,,,vinceda01
628,David Volek,23,NYI,RW,80,17,22,39,-2,41,2,11,6,0,0,14,8,0,181,9.4,,,volekda01
629,Mick Vukota,23,NYI,RW,76,4,8,12,10,290,-0.5,4,0,0,0,8,0,0,55,7.3,,,vukotmi01
630,Gord Walker,24,LAK,RW,1,0,0,0,0,0,0,0,0,0,0,0,0,0,0,,,,walkego01
631,Ryan Walter,31,MTL,LW,70,8,16,24,4,59,0.7,7,1,0,1,14,0,2,109,7.3,,,waltery01
632,Wes Walz,19,BOS,C,2,1,1,2,-1,0,0.1,0,1,0,0,1,0,0,1,100,,,walzwe01
633,Michael Ware,22,EDM,RW,3,0,0,0,-1,4,-0.1,0,0,0,0,0,0,0,1,0,,,waremi01
634,Tim Watters,30,LAK,D,62,1,10,11,23,92,3,1,0,0,0,9,1,0,50,2,,,watteti01
635,Eric Weinrich,23,NJD,D,19,2,7,9,1,11,1.4,1,1,0,1,2,5,0,16,12.5,,,weinrer01
636,Jay Wells,30,TOT,D,60,3,17,20,5,129,3.6,3,0,0,1,14,3,0,76,3.9,,,wellsja01
636,Jay Wells,30,PHI,D,59,3,16,19,4,129,3.4,3,0,0,1,13,3,0,76,3.9,,,wellsja01
636,Jay Wells,30,BUF,D,1,0,1,1,1,0,0.2,0,0,0,0,1,0,0,0,,,,wellsja01
637,Glen Wesley,21,BOS,D,78,9,27,36,6,48,6.9,4,5,0,4,8,18,1,166,5.4,,,weslegl01
638,Doug Wickenheiser,28,WSH,C,27,1,8,9,1,20,0.1,1,0,0,0,7,0,1,44,2.3,,,wickedo01
639,Jim Wiemer,29,BOS,D,61,5,14,19,11,63,4.9,5,0,0,1,13,1,0,90,5.6,,,wiemeji01
640,Neil Wilkinson,22,MNS,D,36,0,5,5,-1,100,1.5,0,0,0,0,4,0,1,36,0,,,wilkine01
641,Carey Wilson,27,NYR,C,41,9,17,26,4,57,1.8,5,4,0,1,7,10,0,64,14.1,,,wilsoca01
642,Doug Wilson*,32,CHI,D,70,23,50,73,13,40,9.7,9,13,1,2,25,24,1,242,9.5,,,wilsodo01
643,Ron Wilson,33,STL,C,33,3,17,20,5,23,1,2,1,0,1,10,4,3,40,7.5,,,wilsoro03
644,Craig Wolanin,22,TOT,D,50,1,10,11,-11,57,1.7,1,0,0,0,10,0,0,60,1.7,,,wolancr01
644,Craig Wolanin,22,NJD,D,37,1,7,8,-13,47,1,1,0,0,0,7,0,0,35,2.9,,,wolancr01
644,Craig Wolanin,22,QUE,D,13,0,3,3,2,10,0.7,0,0,0,0,3,0,0,25,0,,,wolancr01
645,Randy Wood,26,NYI,LW,74,24,24,48,-10,39,3.1,17,6,1,3,16,8,0,185,13,,,woodra01
646,Terry Yake,21,HAR,C,2,0,1,1,-1,0,0,0,0,0,0,1,0,0,2,0,,,yakete01
647,Trent Yawney,24,CHI,D,70,5,15,20,-6,82,3.4,4,1,0,1,7,8,0,58,8.6,,,yawnetr01
648,Scott Young,22,HAR,RW,80,24,40,64,-24,47,3.9,12,10,2,5,15,24,1,239,10,,,youngsc01
649,Paul Ysebaert,23,NJD,C,5,1,2,3,0,0,0.2,1,0,0,0,2,0,0,6,16.7,,,ysebapa01
650,Steve Yzerman*,24,DET,C,79,62,65,127,-6,79,11.8,39,16,7,8,40,21,4,332,18.7,,,yzermst01
651,Zarley Zalapski,21,PIT,D,51,6,25,31,-14,37,2.7,1,5,0,2,11,14,0,85,7.1,,,zalapza01
652,Richard Zemlak,26,PIT,RW,19,1,5,6,-6,43,-0.2,0,1,0,0,5,0,0,11,9.1,,,zemlari01
653,Rob Zettler,21,MNS,D,31,0,8,8,-7,45,1.2,0,0,0,0,7,1,0,21,0,,,zettlro01
654,Peter Zezel,24,STL,C,73,25,47,72,-9,30,5.2,18,7,0,3,20,27,0,158,15.8,,,zezelpe01
655,Rick Zombo,26,DET,D,77,5,20,25,13,95,4.6,5,0,0,0,15,4,1,62,8.1,,,zombori01
