,,,,,Scoring,Scoring,Scoring,Scoring,Scoring,Scoring,,,Special Teams,Special Teams,,Assists,Assists,Assists,Shot Data,Shot Data,Ice Time,Ice Time,
Rk,Player,Age,Tm,Pos,GP,G,A,PTS,+/-,PIM,PS,EV,PP,SH,GW,EV,PP,SH,S,S%,TOI,ATOI,Id
1,Greg Adams,31,TOT,LW,43,8,13,21,-3,16,1.5,3,3,2,0,9,4,0,72,11.1,,,adamsgr02
1,Greg Adams,31,VAN,LW,31,5,10,15,1,12,1.1,1,2,2,0,9,1,0,56,8.9,,,adamsgr02
1,Greg Adams,31,DAL,LW,12,3,3,6,-4,4,0.4,2,1,0,0,0,3,0,16,18.8,,,adamsgr02
2,Micah Aivazoff,25,EDM,LW,21,0,1,1,-2,2,-0.5,0,0,0,0,1,0,0,6,0,,,aivazmi01
3,Tommy Albelin,30,NJD,D,48,5,10,15,9,20,4.2,3,2,0,0,10,0,0,60,8.3,,,albelto01
4,Jamie Allison,19,CGY,D,1,0,0,0,0,0,0,0,0,0,0,0,0,0,0,,,,allisja01
5,Jason Allison,19,WSH,C,12,2,1,3,-3,6,0.1,0,2,0,0,0,1,0,9,22.2,,,allisja02
6,Peter Ambroziak,23,BUF,LW,12,0,1,1,-1,0,-0.2,0,0,0,0,1,0,0,3,0,,,ambrope01
7,Tony Amonte,24,CHI,RW,48,15,20,35,7,41,3.6,8,6,1,3,13,7,0,105,14.3,,,amontto01
8,Glenn Anderson*,34,STL,RW,36,12,14,26,9,37,2.6,12,0,0,3,11,3,0,54,22.2,,,andergl01
9,Shawn Anderson,26,PHI,D,1,0,0,0,0,0,0,0,0,0,0,0,0,0,0,,,,andersh01
10,Mikael Andersson,28,TBL,RW,36,4,7,11,-3,4,0.5,4,0,0,0,6,1,0,36,11.1,,,andermi01
11,Dave Andreychuk*,31,TOR,LW,48,22,16,38,-7,34,4.2,14,8,0,2,10,6,0,168,13.1,,,andreda01
12,Greg Andrusak,25,PIT,D,7,0,4,4,-1,6,0.3,0,0,0,0,1,3,0,7,0,,,andrugr01
13,Shawn Antoski,24,TOT,LW,32,0,0,0,-4,107,-1,0,0,0,0,0,0,0,16,0,,,antossh01
13,Shawn Antoski,24,PHI,LW,25,0,0,0,0,61,-0.7,0,0,0,0,0,0,0,12,0,,,antossh01
13,Shawn Antoski,24,VAN,LW,7,0,0,0,-4,46,-0.3,0,0,0,0,0,0,0,4,0,,,antossh01
14,Dave Archibald,25,OTT,C,14,2,2,4,-7,19,0,2,0,0,1,2,0,0,27,7.4,,,archida01
15,Jason Arnott,20,EDM,C,42,15,22,37,-14,128,3.2,8,7,0,1,10,11,1,156,9.6,,,arnotja01
16,Mark Astley,25,BUF,D,14,2,1,3,-2,12,0.9,2,0,0,0,0,1,0,21,9.5,,,astlema01
17,Adrian Aucoin,21,VAN,D,1,1,0,1,1,0,0.3,1,0,0,0,0,0,0,2,50,,,aucoiad01
18,Donald Audette,25,BUF,RW,46,24,13,37,-3,27,4.5,11,13,0,7,3,10,0,124,19.4,,,audetdo01
19,Dave Babych,33,VAN,D,40,3,11,14,-13,18,1.7,2,1,0,0,6,5,0,58,5.2,,,babycda01
20,Jamie Baker,28,SJS,C,43,7,4,11,-7,22,0.3,6,0,1,0,3,0,1,60,11.7,,,bakerja01
21,Matthew Barnaby,21,BUF,LW,23,1,1,2,-2,116,-0.3,1,0,0,0,1,0,0,27,3.7,,,barnama01
22,Stu Barnes,24,FLA,C,41,10,19,29,7,8,3,9,1,0,2,13,5,1,93,10.8,,,barnest01
23,Murray Baron,27,STL,D,39,0,5,5,9,93,1.4,0,0,0,0,4,0,1,28,0,,,baronmu01
24,Len Barrie,25,PIT,C,48,3,11,14,-4,66,-0.2,3,0,0,1,9,2,0,37,8.1,,,barrile01
25,Bob Bassen,29,QUE,C,47,12,15,27,14,33,2.5,11,0,1,1,15,0,0,66,18.2,,,bassebo01
26,Jeff Batters,24,STL,D,10,0,0,0,-5,21,-0.3,0,0,0,0,0,0,0,3,0,,,batteje01
27,Ken Baumgartner,28,TOR,LW,2,0,0,0,0,5,0,0,0,0,0,0,0,0,1,0,,,baumgke01
28,Bob Beers,27,NYI,D,22,2,7,9,-8,6,1.1,1,1,0,0,6,1,0,38,5.3,,,beersbo01
29,Jesse Belanger,25,FLA,C,47,15,14,29,-5,18,2.9,9,6,0,3,6,8,0,89,16.9,,,belanje01
30,Ken Belanger,20,TOR,LW,3,0,0,0,0,9,-0.1,0,0,0,0,0,0,0,1,0,,,belanke01
31,Brian Bellows,30,MTL,LW,41,8,8,16,-7,8,1,7,1,0,1,4,4,0,110,7.3,,,bellobr01
32,Brian Benning,28,FLA,D,24,1,7,8,-6,18,1.5,0,1,0,0,4,3,0,26,3.8,,,bennibr01
33,Josef Beranek,25,TOT,C,51,13,18,31,-7,30,2.5,10,3,0,0,12,6,0,134,9.7,,,beranjo01
33,Josef Beranek,25,VAN,C,37,8,13,21,-10,28,1.3,6,2,0,0,8,5,0,95,8.4,,,beranjo01
33,Josef Beranek,25,PHI,C,14,5,5,10,3,2,1.1,4,1,0,0,4,1,0,39,12.8,,,beranjo01
34,Drake Berehowsky,23,TOT,D,29,0,2,2,-9,28,0.5,0,0,0,0,2,0,0,14,0,,,berehdr01
34,Drake Berehowsky,23,TOR,D,25,0,2,2,-10,15,0.4,0,0,0,0,2,0,0,12,0,,,berehdr01
34,Drake Berehowsky,23,PIT,D,4,0,0,0,1,13,0.1,0,0,0,0,0,0,0,2,0,,,berehdr01
35,Bill Berg,27,TOR,LW,32,5,1,6,-11,26,-0.1,5,0,0,2,1,0,0,57,8.8,,,bergbi01
36,Marc Bergevin,29,TBL,D,44,2,4,6,-6,51,1.9,1,0,1,0,4,0,0,32,6.3,,,bergema01
37,Craig Berube,29,WSH,LW,43,2,4,6,-5,173,-0.4,2,0,0,0,4,0,0,22,9.1,,,berubcr01
38,Jeff Beukeboom,29,NYR,D,44,1,3,4,3,70,2.3,1,0,0,0,2,0,1,29,3.4,,,beukeje01
39,Radim Bicanek,20,OTT,D,6,0,0,0,3,0,0.4,0,0,0,0,0,0,0,6,0,,,bicanra01
40,Rob Blake*,25,LAK,D,24,4,7,11,-16,38,0.8,0,4,0,1,5,2,0,76,5.3,,,blakero01
41,Arto Blomsten,29,TOT,D,5,0,1,1,2,2,0.3,0,0,0,0,1,0,0,1,0,,,blomsar01
41,Arto Blomsten,29,LAK,D,4,0,1,1,2,0,0.3,0,0,0,0,1,0,0,1,0,,,blomsar01
41,Arto Blomsten,29,WIN,D,1,0,0,0,0,2,0,0,0,0,0,0,0,0,0,,,,blomsar01
42,Doug Bodger,28,BUF,D,44,3,17,20,-3,47,3.8,1,2,0,0,4,10,3,87,3.4,,,bodgedo01
43,Claude Boivin,24,OTT,LW,3,0,1,1,-1,6,0,0,0,0,0,1,0,0,0,,,,boivicl01
44,Peter Bondra,26,WSH,RW,47,34,9,43,9,24,6.2,16,12,6,3,3,6,0,177,19.2,,,bondrpe01
45,Radek Bonk,19,OTT,C,42,3,8,11,-5,28,0.2,2,1,0,0,5,3,0,40,7.5,,,bonkra01
46,Jason Bonsignore,18,EDM,C,1,1,0,1,-1,0,0.1,1,0,0,0,0,0,0,3,33.3,,,bonsija01
47,Dennis Bonvie,21,EDM,D,2,0,0,0,0,0,0,0,0,0,0,0,0,0,0,,,,bonvide01
48,Luciano Borsato,29,WIN,C,4,0,0,0,-1,0,-0.1,0,0,0,0,0,0,0,2,0,,,borsalu01
49,Nikolai Borschevsky,30,TOT,RW,27,0,10,10,10,0,0.6,0,0,0,0,9,1,0,40,0,,,borscni01
49,Nikolai Borschevsky,30,TOR,RW,19,0,5,5,3,0,0.1,0,0,0,0,5,0,0,28,0,,,borscni01
49,Nikolai Borschevsky,30,CGY,RW,8,0,5,5,7,0,0.5,0,0,0,0,4,1,0,12,0,,,borscni01
50,Joel Bouchard,21,CGY,D,2,0,0,0,0,0,0,0,0,0,0,0,0,0,0,,,,bouchjo01
51,Philippe Boucher,21,TOT,D,15,2,4,6,3,4,1.5,2,0,0,0,2,2,0,30,6.7,,,bouchph01
51,Philippe Boucher,21,BUF,D,9,1,4,5,6,0,1.4,1,0,0,0,2,2,0,15,6.7,,,bouchph01
51,Philippe Boucher,21,LAK,D,6,1,0,1,-3,4,0.1,1,0,0,0,0,0,0,15,6.7,,,bouchph01
52,Phil Bourque,32,OTT,LW,38,4,3,7,-17,20,-0.4,4,0,0,0,3,0,0,34,11.8,,,bourqph01
53,Ray Bourque*,34,BOS,D,46,12,31,43,3,20,7.2,3,9,0,2,11,20,0,210,5.7,,,bourqra01
54,Jason Bowen,21,PHI,D,4,0,0,0,-2,0,0,0,0,0,0,0,0,0,2,0,,,bowenja01
55,Zac Boyer,23,DAL,RW,1,0,0,0,0,0,0,0,0,0,0,0,0,0,1,0,,,boyerza01
56,Philippe Bozon,28,STL,LW,1,0,0,0,0,0,0,0,0,0,0,0,0,0,0,,,,bozonph01
57,Brian Bradley,30,TBL,C,46,13,27,40,-6,42,3.8,10,3,0,2,20,7,0,111,11.7,,,bradlbr01
58,Donald Brashear,23,MTL,LW,20,1,1,2,-5,63,-0.4,1,0,0,1,1,0,0,10,10,,,brashdo01
59,Rod Brind'Amour,24,PHI,C,48,12,27,39,-4,33,3.3,7,4,1,2,14,12,1,86,14,,,brindro01
60,Patrice Brisebois,24,MTL,D,35,4,8,12,-2,26,2.4,4,0,0,2,5,3,0,67,6,,,brisepa01
61,Neal Broten,35,TOT,C,47,8,24,32,1,24,2.5,6,2,0,3,18,5,1,72,11.1,,,brotene01
61,Neal Broten,35,NJD,C,30,8,20,28,9,20,2.8,6,2,0,3,15,4,1,43,18.6,,,brotene01
61,Neal Broten,35,DAL,C,17,0,4,4,-8,4,-0.3,0,0,0,0,3,1,0,29,0,,,brotene01
62,Paul Broten,29,DAL,RW,47,7,9,16,-7,36,0.8,7,0,0,0,8,1,0,67,10.4,,,brotepa01
63,Curtis Brown,18,BUF,C,1,1,1,2,2,2,0.3,1,0,0,0,1,0,0,4,25,,,browncu01
64,Dave Brown,32,PHI,RW,28,1,2,3,-1,53,-0.4,1,0,0,0,2,0,0,8,12.5,,,brownda01
65,Doug Brown,30,DET,RW,45,9,12,21,14,16,1.9,7,1,1,2,11,0,1,69,13,,,browndo01
66,Greg Brown,26,WIN,D,9,0,3,3,1,17,0.5,0,0,0,0,2,1,0,12,0,,,browngr01
67,Jeff Brown,28,VAN,D,33,8,23,31,-2,16,4.3,5,3,0,0,5,18,0,111,7.2,,,brownje02
68,Keith Brown,34,FLA,D,13,0,0,0,1,2,0.6,0,0,0,0,0,0,0,10,0,,,brownke02
69,Kevin Brown,20,LAK,RW,23,2,3,5,-7,18,-0.2,2,0,0,0,3,0,0,25,8,,,brownke03
70,Rob Brown,26,LAK,RW,2,0,0,0,-2,0,-0.1,0,0,0,0,0,0,0,1,0,,,brownro01
71,Benoit Brunet,26,MTL,LW,45,7,18,25,7,16,2.1,5,1,1,2,17,1,0,80,8.8,,,brunebe01
72,Sergei Brylin,21,NJD,C,26,6,8,14,12,8,1.6,6,0,0,0,4,4,0,41,14.6,,,brylise01
73,Kelly Buchberger,28,EDM,RW,48,7,17,24,0,82,1.6,4,2,1,5,15,0,2,73,9.6,,,buchbke01
74,Pavel Bure*,23,VAN,LW,44,20,23,43,-8,47,4.3,12,6,2,2,12,7,4,198,10.1,,,burepa01
75,Valeri Bure,20,MTL,RW,24,3,1,4,-1,6,0,3,0,0,1,1,0,0,39,7.7,,,bureva01
76,Marc Bureau,28,TBL,C,48,2,12,14,-8,30,0.2,1,0,1,0,10,1,1,72,2.8,,,bureama01
77,Shawn Burr,28,DET,LW,42,6,8,14,13,60,1.1,6,0,0,3,8,0,0,65,9.2,,,burrsh01
78,Randy Burridge,29,TOT,LW,40,4,15,19,-4,10,0.9,2,2,0,0,12,3,0,52,7.7,,,burrira01
78,Randy Burridge,29,LAK,LW,38,4,15,19,-4,8,0.9,2,2,0,0,12,3,0,50,8,,,burrira01
78,Randy Burridge,29,WSH,LW,2,0,0,0,0,2,0,0,0,0,0,0,0,0,2,0,,,burrira01
79,Adam Burt,26,HAR,D,46,7,11,18,0,65,3.8,4,3,0,1,7,4,0,73,9.6,,,burtad01
80,Garth Butcher,32,TOR,D,45,1,7,8,-5,59,2.1,1,0,0,0,6,0,1,24,4.2,,,butchga01
81,Viacheslav Butsayev,24,SJS,C,6,2,0,2,-2,0,0.1,2,0,0,0,0,0,0,6,33.3,,,butsavi01
82,Ilja Byakin,31,SJS,D,13,0,5,5,-9,14,0.1,0,0,0,0,3,2,0,19,0,,,byakiil01
83,Guy Carbonneau*,34,STL,C,42,5,11,16,11,16,0.9,4,1,0,1,10,0,1,33,15.2,,,carbogu01
84,Terry Carkner,28,DET,D,20,1,2,3,7,21,1.4,1,0,0,0,2,0,0,9,11.1,,,carknte01
85,Patrik Carnback,26,MDA,LW,41,6,15,21,-8,32,1.1,6,0,0,0,12,2,1,58,10.3,,,carnbpa01
86,Keith Carney,24,CHI,D,18,1,0,1,-1,11,0.8,1,0,0,1,0,0,0,14,7.1,,,carneke01
87,Bob Carpenter,31,NJD,C,41,5,11,16,-1,19,0.8,5,0,0,0,11,0,0,69,7.2,,,carpebo01
88,Jimmy Carson,26,HAR,C,38,9,10,19,5,29,1.8,5,4,0,3,8,2,0,58,15.5,,,carsoji01
89,Andrew Cassels,25,HAR,C,46,7,30,37,-3,18,2.8,6,1,0,1,22,8,0,74,9.5,,,cassean01
90,Paul Cavallini,29,DAL,D,44,1,11,12,8,28,3.3,1,0,0,0,7,3,1,69,1.4,,,cavalpa01
91,Shawn Chambers,28,TOT,D,45,4,17,21,2,12,4.1,2,2,0,0,12,5,0,67,6,,,chambsh01
91,Shawn Chambers,28,TBL,D,24,2,12,14,0,6,2.4,1,1,0,0,8,4,0,44,4.5,,,chambsh01
91,Shawn Chambers,28,NJD,D,21,2,5,7,2,6,1.7,1,1,0,0,4,1,0,23,8.7,,,chambsh01
92,Jose Charbonneau,28,VAN,RW,3,1,0,1,0,0,0.1,1,0,0,0,0,0,0,2,50,,,charbjo01
93,Eric Charron,25,TBL,D,45,1,4,5,1,26,2.2,1,0,0,0,2,1,1,33,3,,,charrer01
94,Kelly Chase,27,HAR,RW,28,0,4,4,1,141,-0.3,0,0,0,0,4,0,0,15,0,,,chaseke01
95,Denis Chasse,24,STL,RW,47,7,9,16,12,133,1,6,1,0,0,9,0,0,48,14.6,,,chassde01
96,Chris Chelios*,33,CHI,D,48,5,33,38,17,72,6.9,1,3,1,0,12,20,1,166,3,,,chelich01
97,Steve Chiasson,27,CGY,D,45,2,23,25,10,39,4.1,1,1,0,0,12,11,0,110,1.8,,,chiasst01
98,Igor Chibirev,26,HAR,C,8,3,1,4,1,0,0.5,3,0,0,0,1,0,0,9,33.3,,,chibiig01
99,Tom Chorske,28,NJD,LW,42,10,8,18,-4,16,1.4,10,0,0,2,7,0,1,59,16.9,,,chorsto01
100,Jeff Christian,24,PIT,LW,1,0,0,0,0,0,0,0,0,0,0,0,0,0,2,0,,,chrisje01
101,Shane Churla,29,DAL,RW,27,1,3,4,0,186,-0.2,1,0,0,1,3,0,0,22,4.5,,,churlsh01
102,Dean Chynoweth,26,NYI,D,32,0,2,2,9,77,1.6,0,0,0,0,2,0,0,22,0,,,chynode01
103,Dave Chyzowski,23,NYI,LW,13,0,0,0,-2,11,-0.4,0,0,0,0,0,0,0,11,0,,,chyzoda01
104,Dino Ciccarelli*,34,DET,RW,42,16,27,43,12,39,4.5,10,6,0,3,16,11,0,106,15.1,,,ciccadi01
105,Enrico Ciccone,24,TBL,D,41,2,4,6,3,225,2.4,2,0,0,0,4,0,0,43,4.7,,,ciccoen01
106,Zdeno Ciger,25,EDM,LW,5,2,2,4,-1,0,0.4,1,1,0,1,1,1,0,10,20,,,cigerzd01
107,Joe Cirella,31,FLA,D,20,0,1,1,-7,21,0.5,0,0,0,0,1,0,0,13,0,,,cireljo01
108,Wendel Clark,28,QUE,LW,37,12,18,30,-1,45,2.6,7,5,0,0,15,3,0,95,12.6,,,clarkwe01
109,Paul Coffey*,33,DET,D,45,14,44,58,18,72,9,9,4,1,2,17,27,0,181,7.7,,,coffepa01
110,Danton Cole,28,TOT,LW,38,4,5,9,-1,14,0.3,3,1,0,0,5,0,0,76,5.3,,,coleda01
110,Danton Cole,28,TBL,LW,26,3,3,6,-1,6,0.2,2,1,0,0,3,0,0,56,5.4,,,coleda01
110,Danton Cole,28,NJD,LW,12,1,2,3,0,8,0.1,1,0,0,0,2,0,0,20,5,,,coleda01
111,Pat Conacher,35,LAK,LW,48,7,9,16,-9,12,0.5,6,0,1,0,8,0,1,64,10.9,,,conacpa01
112,Craig Conroy,23,MTL,C,6,1,0,1,-1,0,0,1,0,0,0,0,0,0,4,25,,,conrocr01
113,Rene Corbet,21,QUE,LW,8,0,3,3,3,2,0.1,0,0,0,0,3,0,0,4,0,,,corbere01
114,Bob Corkum,27,MDA,RW,44,10,9,19,-7,25,1.2,10,0,0,1,8,1,0,100,10,,,corkubo01
115,Shayne Corson,28,EDM,LW,48,12,24,36,-17,86,2.6,10,2,0,1,14,9,1,131,9.2,,,corsosh01
116,Sylvain Cote,29,WSH,D,47,5,14,19,2,53,4.3,4,1,0,2,5,6,3,124,4,,,cotesy01
117,Geoff Courtnall,32,VAN,LW,45,16,18,34,2,81,3.5,9,7,0,1,9,9,0,144,11.1,,,courtge01
118,Russ Courtnall,29,TOT,RW,45,11,24,35,2,17,3.2,7,2,2,2,13,10,1,132,8.3,,,courtru01
118,Russ Courtnall,29,DAL,RW,32,7,10,17,-8,13,1.2,5,2,0,1,5,5,0,90,7.8,,,courtru01
118,Russ Courtnall,29,VAN,RW,13,4,14,18,10,4,2,2,0,2,1,8,5,1,42,9.5,,,courtru01
119,Rob Cowie,27,LAK,D,32,2,7,9,-6,20,1.3,2,0,0,0,5,2,0,39,5.1,,,cowiero01
120,Mike Craig,23,TOR,RW,37,5,5,10,-21,12,-0.2,4,1,0,1,5,0,0,61,8.2,,,craigmi01
121,Murray Craven,30,CHI,LW,16,4,3,7,2,2,0.7,3,1,0,2,3,0,0,29,13.8,,,cravemu01
122,Adam Creighton,29,STL,C,48,14,20,34,17,74,3.4,11,3,0,1,16,4,0,81,17.3,,,creigad01
123,Shawn Cronin,31,SJS,D,29,0,2,2,0,61,0.9,0,0,0,0,2,0,0,12,0,,,cronish01
124,Cory Cross,24,TBL,D,43,1,5,6,-6,41,1.8,1,0,0,1,2,3,0,35,2.9,,,crossco01
125,Troy Crowder,26,LAK,RW,29,1,2,3,0,99,-0.4,1,0,0,0,2,0,0,4,25,,,crowdtr01
126,John Cullen,30,PIT,C,46,13,24,37,-4,66,2.8,11,2,0,1,17,7,0,88,14.8,,,cullejo01
127,Jassen Cullimore,22,VAN,D,34,1,2,3,-2,39,1.1,1,0,0,0,1,0,1,30,3.3,,,cullija01
128,Jim Cummins,24,TOT,RW,37,4,1,5,-6,158,-0.3,4,0,0,1,1,0,0,23,17.4,,,cummiji01
128,Jim Cummins,24,CHI,RW,27,3,1,4,-3,117,-0.1,3,0,0,0,1,0,0,20,15,,,cummiji01
128,Jim Cummins,24,TBL,RW,10,1,0,1,-3,41,-0.1,1,0,0,1,0,0,0,3,33.3,,,cummiji01
129,Randy Cunneyworth,33,OTT,LW,48,5,5,10,-19,68,-0.3,3,2,0,0,5,0,0,71,7,,,cunnera01
130,Mariusz Czerkawski,22,BOS,RW,47,12,14,26,4,31,2.6,11,1,0,2,7,7,0,126,9.5,,,czerkma01
131,Kevin Dahl,26,CGY,D,34,4,8,12,8,38,2.8,4,0,0,0,8,0,0,30,13.3,,,dahlke01
132,Ulf Dahlén,28,SJS,RW,46,11,23,34,-2,11,2.8,6,4,1,4,14,9,0,85,12.9,,,dahleul01
133,Chris Dahlquist,32,OTT,D,46,1,7,8,-30,36,0.2,0,1,0,0,7,0,0,45,2.2,,,dahlqch01
134,Alexandre Daigle,19,OTT,C,47,16,21,37,-22,14,3.2,11,4,1,2,11,10,0,105,15.2,,,daiglal02
135,J.J. Daigneault,29,MTL,D,45,3,5,8,2,40,2.5,3,0,0,0,4,0,1,36,8.3,,,daignjj01
136,Brad Dalgarno,27,NYI,RW,22,3,2,5,-8,14,-0.1,1,1,1,0,2,0,0,18,16.7,,,dalgabr01
137,Vincent Damphousse,27,MTL,LW,48,10,30,40,15,42,3.9,6,4,0,4,20,10,0,123,8.1,,,damphvi01
138,Ken Daneyko,30,NJD,D,25,1,2,3,4,54,1.5,1,0,0,0,2,0,0,27,3.7,,,daneyke01
139,Jeff Daniels,26,FLA,LW,3,0,0,0,0,0,-0.1,0,0,0,0,0,0,0,0,,,,danieje01
140,Scott Daniels,25,HAR,LW,12,0,2,2,1,55,-0.1,0,0,0,0,2,0,0,7,0,,,daniesc01
141,Craig Darby,22,TOT,C,13,0,2,2,-6,0,-0.3,0,0,0,0,2,0,0,5,0,,,darbycr01
141,Craig Darby,22,MTL,C,10,0,2,2,-5,0,-0.2,0,0,0,0,2,0,0,4,0,,,darbycr01
141,Craig Darby,22,NYI,C,3,0,0,0,-1,0,-0.1,0,0,0,0,0,0,0,1,0,,,darbycr01
142,Evgeny Davydov,27,OTT,RW,3,1,2,3,2,0,0.4,1,0,0,0,2,0,0,2,50,,,davydev01
143,Jason Dawe,21,BUF,LW,42,7,4,11,-6,19,0.5,6,0,1,2,2,2,0,51,13.7,,,daweja01
144,Eric Daze,19,CHI,LW,4,1,1,2,2,2,0.2,1,0,0,0,1,0,0,1,100,,,dazeer01
145,Adam Deadmarsh,19,QUE,RW,48,9,8,17,16,56,1.4,9,0,0,0,8,0,0,48,18.8,,,deadmad01
146,Kevin Dean,25,NJD,D,17,0,1,1,6,4,1.1,0,0,0,0,1,0,0,11,0,,,deanke01
147,Louie DeBrusk,23,EDM,LW,34,2,0,2,-4,93,-0.6,2,0,0,0,0,0,0,14,14.3,,,debrulo01
148,Pavol Demitra,20,OTT,RW,16,4,3,7,-4,0,0.6,3,1,0,0,2,1,0,21,19,,,demitpa01
149,Eric Desjardins,25,TOT,D,43,5,24,29,12,14,5.2,4,1,0,1,13,11,0,93,5.4,,,desjaer01
149,Eric Desjardins,25,PHI,D,34,5,18,23,10,12,4.3,4,1,0,1,10,8,0,79,6.3,,,desjaer01
149,Eric Desjardins,25,MTL,D,9,0,6,6,2,2,1,0,0,0,0,3,3,0,14,0,,,desjaer01
150,Gerald Diduck,29,TOT,D,35,2,3,5,-5,63,1.4,0,2,0,0,2,1,0,67,3,,,diducge01
150,Gerald Diduck,29,VAN,D,22,1,3,4,-8,15,0.5,0,1,0,0,2,1,0,25,4,,,diducge01
150,Gerald Diduck,29,CHI,D,13,1,0,1,3,48,0.9,0,1,0,0,0,0,0,42,2.4,,,diducge01
151,Rob DiMaio,26,PHI,LW,36,3,1,4,8,53,0,3,0,0,0,1,0,0,34,8.8,,,dimairo01
152,Gord Dineen,32,NYI,D,9,0,0,0,-5,2,-0.1,0,0,0,0,0,0,0,4,0,,,dineego01
153,Kevin Dineen,31,PHI,RW,40,8,5,13,-1,39,0.8,4,4,0,2,4,0,1,55,14.5,,,dineeke01
154,Gilbert Dionne,24,TOT,LW,26,0,9,9,-4,4,0,0,0,0,0,7,2,0,33,0,,,dionngi01
154,Gilbert Dionne,24,PHI,LW,20,0,6,6,-1,2,0,0,0,0,0,5,1,0,29,0,,,dionngi01
154,Gilbert Dionne,24,MTL,LW,6,0,3,3,-3,2,0,0,0,0,0,2,1,0,4,0,,,dionngi01
155,Paul DiPietro,24,TOT,C,34,5,6,11,-9,10,0.4,5,0,0,1,4,2,0,60,8.3,,,dipiepa01
155,Paul DiPietro,24,MTL,C,22,4,5,9,-3,4,0.5,4,0,0,1,3,2,0,41,9.8,,,dipiepa01
155,Paul DiPietro,24,TOR,C,12,1,1,2,-6,6,-0.2,1,0,0,0,1,0,0,19,5.3,,,dipiepa01
156,Robert Dirk,28,MDA,D,38,1,3,4,-3,56,1,1,0,0,0,3,0,0,15,6.7,,,dirkro01
157,Bobby Dollas,30,MDA,D,45,7,13,20,-3,12,3.2,3,3,1,1,10,3,0,70,10,,,dollabo01
158,Tie Domi,25,TOT,RW,40,4,5,9,-5,159,0,4,0,0,0,5,0,0,46,8.7,,,domiti01
158,Tie Domi,25,WIN,RW,31,4,4,8,-6,128,0.1,4,0,0,0,4,0,0,34,11.8,,,domiti01
158,Tie Domi,25,TOR,RW,9,0,1,1,1,31,-0.1,0,0,0,0,1,0,0,12,0,,,domiti01
159,Ted Donato,25,BOS,C,47,10,10,20,3,10,1.8,9,1,0,1,7,2,1,71,14.1,,,donatte01
160,Gord Donnelly,32,DAL,RW,16,1,0,1,1,52,-0.2,1,0,0,0,0,0,0,9,11.1,,,donnego01
161,Mike Donnelly,31,TOT,LW,44,12,15,27,-4,33,2.4,9,3,0,3,11,4,0,116,10.3,,,donnemi01
161,Mike Donnelly,31,DAL,LW,35,11,14,25,3,29,2.6,8,3,0,3,11,3,0,94,11.7,,,donnemi01
161,Mike Donnelly,31,LAK,LW,9,1,1,2,-7,4,-0.2,1,0,0,0,0,1,0,22,4.5,,,donnemi01
162,Shean Donovan,20,SJS,RW,14,0,0,0,-6,6,-0.6,0,0,0,0,0,0,0,13,0,,,donovsh01
163,Peter Douris,28,MDA,LW,46,10,11,21,4,12,1.7,10,0,0,4,11,0,0,69,14.5,,,douripe01
164,Jim Dowd,26,NJD,C,10,1,4,5,-5,0,0.1,0,1,0,0,2,2,0,14,7.1,,,dowdji01
165,Dallas Drake,25,WIN,RW,43,8,18,26,-6,30,1.7,8,0,0,1,15,3,0,66,12.1,,,drakeda01
166,Kris Draper,23,DET,C,36,2,6,8,1,22,-0.1,2,0,0,0,5,0,1,44,4.5,,,drapekr01
167,Bruce Driver,32,NJD,D,41,4,12,16,-1,18,3.2,3,1,0,1,4,8,0,62,6.5,,,drivebr01
168,John Druce,28,LAK,RW,43,15,5,20,-3,20,1.9,12,3,0,1,4,1,0,75,20,,,drucejo01
169,Ted Drury,23,HAR,LW,34,3,6,9,-3,21,0.2,3,0,0,0,6,0,0,31,9.7,,,druryte01
170,Steve Dubinsky,24,CHI,C,16,0,0,0,-5,8,-0.6,0,0,0,0,0,0,0,16,0,,,dubinst01
171,Gaetan Duchesne,32,TOT,LW,46,3,9,12,-3,16,0.2,3,0,0,0,9,0,0,62,4.8,,,duchega01
171,Gaetan Duchesne,32,SJS,LW,33,2,7,9,-6,16,0,2,0,0,0,7,0,0,48,4.2,,,duchega01
171,Gaetan Duchesne,32,FLA,LW,13,1,2,3,3,0,0.2,1,0,0,0,2,0,0,14,7.1,,,duchega01
172,Steve Duchesne,29,STL,D,47,12,26,38,29,36,7,11,1,0,1,13,12,1,116,10.3,,,duchest01
173,Donald Dufresne,27,STL,D,22,0,3,3,2,10,0.6,0,0,0,0,3,0,0,11,0,,,dufredo01
174,Yanick Dupre,22,PHI,LW,22,0,0,0,-7,8,-0.8,0,0,0,0,0,0,0,21,0,,,dupreya01
175,Karl Dykhuis,22,PHI,D,33,2,6,8,7,37,2.4,1,1,0,1,5,1,0,46,4.3,,,dykhuka01
176,Mike Eagles,31,TOT,C,40,3,4,7,-11,48,-0.5,3,0,0,0,2,1,1,28,10.7,,,eaglemi01
176,Mike Eagles,31,WIN,C,27,2,1,3,-13,40,-0.7,2,0,0,0,1,0,0,13,15.4,,,eaglemi01
176,Mike Eagles,31,WSH,C,13,1,3,4,2,8,0.2,1,0,0,0,1,1,1,15,6.7,,,eaglemi01
177,Dallas Eakins,27,FLA,D,17,0,1,1,2,35,1,0,0,0,0,0,0,1,3,0,,,eakinda01
178,Mike Eastwood,27,TOT,C,49,8,11,19,-9,36,1,8,0,0,0,9,1,1,55,14.5,,,eastwmi01
178,Mike Eastwood,27,TOR,C,36,5,5,10,-12,32,0.2,5,0,0,0,4,1,0,38,13.2,,,eastwmi01
178,Mike Eastwood,27,WIN,C,13,3,6,9,3,4,0.8,3,0,0,0,5,0,1,17,17.6,,,eastwmi01
179,Neil Eisenhut,27,CGY,C,3,0,0,0,0,0,-0.1,0,0,0,0,0,0,0,2,0,,,eisenne01
180,Todd Elik,28,TOT,C,35,9,14,23,8,22,2.2,5,4,0,0,11,3,0,76,11.8,,,elikto01
180,Todd Elik,28,SJS,C,22,7,10,17,3,18,1.7,3,4,0,0,8,2,0,50,14,,,elikto01
180,Todd Elik,28,STL,C,13,2,4,6,5,4,0.5,2,0,0,0,3,1,0,26,7.7,,,elikto01
181,Dave Ellett,30,TOR,D,33,5,10,15,-6,26,2.6,2,3,0,1,4,6,0,84,6,,,elletda01
182,Pat Elynuik,27,OTT,RW,41,3,7,10,-11,51,0,3,0,0,0,4,3,0,58,5.2,,,elynupa01
183,Nelson Emerson,27,WIN,C,48,14,23,37,-12,26,2.9,9,4,1,1,11,10,2,122,11.5,,,emersne01
184,David Emma,26,NJD,RW,6,0,1,1,-2,0,-0.1,0,0,0,0,1,0,0,4,0,,,emmada01
185,Bob Errey,30,TOT,LW,43,8,13,21,13,58,1.9,8,0,0,1,10,3,0,72,11.1,,,erreybo01
185,Bob Errey,30,DET,LW,30,6,11,17,9,31,1.5,6,0,0,1,8,3,0,53,11.3,,,erreybo01
185,Bob Errey,30,SJS,LW,13,2,2,4,4,27,0.4,2,0,0,0,2,0,0,19,10.5,,,erreybo01
186,Len Esau,26,TOT,D,15,0,6,6,-10,15,0.2,0,0,0,0,4,2,0,21,0,,,esaule01
186,Len Esau,26,EDM,D,14,0,6,6,-8,15,0.3,0,0,0,0,4,2,0,17,0,,,esaule01
186,Len Esau,26,CGY,D,1,0,0,0,-2,0,-0.1,0,0,0,0,0,0,0,4,0,,,esaule01
187,Dean Evason,30,DAL,C,47,8,7,15,3,48,1.1,7,1,0,0,5,0,2,53,15.1,,,evasode01
188,Todd Ewen,28,MDA,RW,24,0,0,0,-2,93,-0.7,0,0,0,0,0,0,0,14,0,,,ewento01
189,Pat Falloon,22,SJS,RW,46,12,7,19,-4,25,1.5,12,0,0,3,6,1,0,91,13.2,,,fallopa01
190,Glen Featherstone,26,TOT,D,19,2,1,3,-7,50,0.6,2,0,0,0,1,0,0,22,9.1,,,feathgl01
190,Glen Featherstone,26,HAR,D,13,1,1,2,-7,32,0.2,1,0,0,0,1,0,0,16,6.3,,,feathgl01
190,Glen Featherstone,26,NYR,D,6,1,0,1,0,18,0.4,1,0,0,0,0,0,0,6,16.7,,,feathgl01
191,Sergei Fedorov*,25,DET,C,42,20,30,50,6,24,5.3,10,7,3,5,21,9,0,147,13.6,,,fedorse01
192,Brent Fedyk,27,PHI,RW,30,8,4,12,-2,14,1,5,3,0,2,2,2,0,41,19.5,,,fedykbr01
193,Denny Felsner,24,STL,LW,3,0,0,0,-1,2,-0.1,0,0,0,0,0,0,0,2,0,,,felsnde01
194,Craig Ferguson,24,MTL,C,1,0,0,0,0,0,0,0,0,0,0,0,0,0,3,0,,,fergucr01
195,Mark Ferner,29,TOT,D,17,0,1,1,-4,6,0.2,0,0,0,0,1,0,0,16,0,,,fernema01
195,Mark Ferner,29,MDA,D,14,0,1,1,-4,6,0.1,0,0,0,0,1,0,0,15,0,,,fernema01
195,Mark Ferner,29,DET,D,3,0,0,0,0,0,0.1,0,0,0,0,0,0,0,1,0,,,fernema01
196,Ray Ferraro,30,NYI,C,47,22,21,43,1,30,4.9,20,2,0,1,16,5,0,94,23.4,,,ferrara01
197,Viacheslav Fetisov*,36,TOT,D,18,3,12,15,1,2,2.2,0,3,0,0,10,2,0,37,8.1,,,fetisvi01
197,Viacheslav Fetisov*,36,DET,D,14,3,11,14,3,2,2.1,0,3,0,0,9,2,0,36,8.3,,,fetisvi01
197,Viacheslav Fetisov*,36,NJD,D,4,0,1,1,-2,0,0.1,0,0,0,0,1,0,0,1,0,,,fetisvi01
198,Steven Finn,28,QUE,D,40,0,3,3,1,64,0.8,0,0,0,0,3,0,0,28,0,,,finnst01
199,Rusty Fitzgerald,22,PIT,LW,4,1,0,1,2,0,0.1,1,0,0,0,0,0,0,5,20,,,fitzgru01
200,Tom Fitzgerald,26,FLA,RW,48,3,13,16,-3,31,0.6,3,0,0,0,13,0,0,78,3.8,,,fitzgto01
201,Pat Flatley,31,NYI,RW,45,7,20,27,9,12,2.4,6,1,0,1,19,1,0,81,8.6,,,flatlpa01
202,Gerry Fleming,28,MTL,LW,6,0,0,0,-1,17,-0.2,0,0,0,0,0,0,0,1,0,,,flemige01
203,Theoren Fleury,26,CGY,RW,47,29,29,58,6,112,6.8,18,9,2,5,17,11,1,173,16.8,,,fleurth01
204,Bryan Fogarty,25,MTL,D,21,5,2,7,-3,34,1.5,2,3,0,0,2,0,0,41,12.2,,,fogarbr01
205,Adam Foote,23,QUE,D,35,0,7,7,17,52,2.2,0,0,0,0,6,0,1,24,0,,,footead01
206,Peter Forsberg*,21,QUE,C,47,15,35,50,17,16,5,12,3,0,3,22,12,1,86,17.4,,,forsbpe01
207,Ron Francis*,31,PIT,C,44,11,48,59,30,18,5.8,8,3,0,1,29,18,1,94,11.7,,,francro01
208,Iain Fraser,25,TOT,C,13,3,0,3,0,0,0.2,3,0,0,0,0,0,0,7,42.9,,,fraseia01
208,Iain Fraser,25,EDM,C,9,3,0,3,3,0,0.4,3,0,0,0,0,0,0,5,60,,,fraseia01
208,Iain Fraser,25,DAL,C,4,0,0,0,-3,0,-0.2,0,0,0,0,0,0,0,2,0,,,fraseia01
209,Jeff Friesen,18,SJS,C,48,15,10,25,-8,14,2.1,9,5,1,2,7,2,1,86,17.4,,,friesje01
210,Dave Gagner,30,DAL,LW,48,14,28,42,2,42,4.1,7,7,0,2,15,12,1,138,10.1,,,gagneda01
211,Gerard Gallant,31,TBL,LW,1,0,0,0,0,0,0,0,0,0,0,0,0,0,1,0,,,gallage01
212,Garry Galley,31,TOT,D,47,3,29,32,4,30,5.1,1,2,0,0,14,15,0,97,3.1,,,gallega01
212,Garry Galley,31,PHI,D,33,2,20,22,0,20,3.2,1,1,0,0,8,12,0,66,3,,,gallega01
212,Garry Galley,31,BUF,D,14,1,9,10,4,10,1.9,0,1,0,0,6,3,0,31,3.2,,,gallega01
213,Johan Garpenlöv,26,TOT,RW,40,4,10,14,1,2,0.8,4,0,0,0,7,3,0,44,9.1,,,garpejo01
213,Johan Garpenlöv,26,FLA,RW,27,3,9,12,4,0,1,3,0,0,0,6,3,0,28,10.7,,,garpejo01
213,Johan Garpenlöv,26,SJS,RW,13,1,1,2,-3,2,-0.2,1,0,0,0,1,0,0,16,6.3,,,garpejo01
214,Mike Gartner*,35,TOR,RW,38,12,8,20,0,6,2.1,9,2,1,1,7,1,0,91,13.2,,,gartnmi01
215,Rob Gaudreau,25,OTT,RW,36,5,9,14,-16,8,0.5,5,0,0,0,7,2,0,65,7.7,,,gaudrro01
216,Daniel Gauthier,24,CHI,LW,5,0,0,0,0,0,-0.1,0,0,0,0,0,0,0,4,0,,,gauthda01
217,Martin Gelinas,24,VAN,RW,46,13,10,23,8,36,2.4,12,1,0,4,9,0,1,75,17.3,,,gelinma01
218,Martin Gendron,20,WSH,RW,8,2,1,3,3,2,0.4,2,0,0,0,1,0,0,11,18.2,,,gendrma01
219,Greg Gilbert,33,STL,LW,46,11,14,25,22,11,2.5,11,0,0,3,14,0,0,57,19.3,,,gilbegr01
220,Brent Gilchrist,27,DAL,LW,32,9,4,13,-3,16,1.2,5,1,3,1,4,0,0,70,12.9,,,gilchbr01
221,Randy Gilhen,31,WIN,RW,44,5,6,11,-17,52,-0.3,4,0,1,1,6,0,0,47,10.6,,,gilhera01
222,Todd Gill,29,TOR,D,47,7,25,32,-8,64,4.7,3,3,1,2,16,9,0,82,8.5,,,gillto01
223,Doug Gilmour*,31,TOR,C,44,10,23,33,-5,26,2.8,7,3,0,1,11,12,0,73,13.7,,,gilmodo01
224,Brian Glynn,27,HAR,D,43,1,6,7,-2,32,2,1,0,0,0,5,1,0,35,2.9,,,glynnbr01
225,Alexander Godynyuk,25,HAR,D,14,0,0,0,1,8,0.5,0,0,0,0,0,0,0,16,0,,,godynal01
226,Sergei Gonchar,20,WSH,D,31,2,5,7,4,22,2.4,2,0,0,0,5,0,0,38,5.3,,,gonchse01
227,Viktor Gordiouk,24,BUF,RW,10,0,2,2,-3,0,-0.1,0,0,0,0,1,1,0,10,0,,,gordivi01
228,Dirk Graham,35,CHI,RW,40,4,9,13,2,42,0.6,2,1,1,0,8,1,0,68,5.9,,,grahadi01
229,Tony Granato,30,LAK,LW,33,13,11,24,9,68,2.8,11,2,0,3,8,2,1,106,12.3,,,granato01
230,Chris Gratton,19,TBL,C,46,7,20,27,-2,89,2.1,5,2,0,0,14,6,0,91,7.7,,,grattch01
231,Adam Graves,26,NYR,LW,47,17,14,31,9,51,3.7,8,9,0,3,7,6,1,185,9.2,,,gravead01
232,Travis Green,24,NYI,C,42,5,7,12,-10,25,0.2,5,0,0,0,6,1,0,59,8.5,,,greentr01
233,Mark Greig,25,CGY,RW,8,1,1,2,1,2,0.1,1,0,0,0,1,0,0,5,20,,,greigma01
234,Brent Gretzky,22,TBL,C,3,0,1,1,-2,0,0,0,0,0,0,0,1,0,1,0,,,gretzbr01
235,Wayne Gretzky*,34,LAK,C,48,11,37,48,-20,6,3.3,8,3,0,1,15,19,3,142,7.7,,,gretzwa01
236,Brent Grieve,25,CHI,LW,24,1,5,6,2,23,0.1,1,0,0,0,4,1,0,30,3.3,,,grievbr01
237,Stu Grimson,29,TOT,LW,42,0,1,1,-11,147,-1.4,0,0,0,0,1,0,0,18,0,,,grimsst01
237,Stu Grimson,29,MDA,LW,31,0,1,1,-7,110,-1,0,0,0,0,1,0,0,14,0,,,grimsst01
237,Stu Grimson,29,DET,LW,11,0,0,0,-4,37,-0.4,0,0,0,0,0,0,0,4,0,,,grimsst01
238,Michal Grosek,19,WIN,LW,24,2,2,4,-3,21,-0.2,2,0,0,1,2,0,0,27,7.4,,,grosemi01
239,John Gruden,24,BOS,D,38,0,6,6,3,22,2.4,0,0,0,0,6,0,0,30,0,,,grudejo01
240,Daniel Guerard,20,OTT,RW,2,0,0,0,0,0,0,0,0,0,0,0,0,0,0,,,,guerada01
241,Bill Guerin,24,NJD,RW,48,12,13,25,6,72,2.4,8,4,0,3,11,2,0,96,12.5,,,gueribi01
242,Alexei Gusarov,30,QUE,D,14,1,2,3,-1,6,0.5,1,0,0,1,2,0,0,7,14.3,,,gusaral01
243,Bob Halkidis,28,TOT,D,31,1,4,5,-10,46,0.9,1,0,0,0,4,0,0,25,4,,,halkibo01
243,Bob Halkidis,28,TBL,D,27,1,3,4,-12,40,0.6,1,0,0,0,3,0,0,25,4,,,halkibo01
243,Bob Halkidis,28,DET,D,4,0,1,1,2,6,0.3,0,0,0,0,1,0,0,0,,,,halkibo01
244,Kevin Haller,24,PHI,D,36,2,8,10,16,48,3.3,2,0,0,0,8,0,0,26,7.7,,,halleke01
245,Roman Hamrlik,20,TBL,D,48,12,11,23,-18,86,3.8,4,7,1,2,8,2,1,134,9,,,hamrlro01
246,Ben Hankinson,25,TOT,RW,26,0,2,2,-5,13,-0.6,0,0,0,0,2,0,0,26,0,,,hankibe01
246,Ben Hankinson,25,TBL,RW,18,0,2,2,1,6,-0.2,0,0,0,0,2,0,0,18,0,,,hankibe01
246,Ben Hankinson,25,NJD,RW,8,0,0,0,-6,7,-0.4,0,0,0,0,0,0,0,8,0,,,hankibe01
247,Dave Hannan,33,BUF,C,42,4,12,16,3,32,1,2,0,2,0,8,1,3,36,11.1,,,hannada01
248,Tavis Hansen,19,WIN,C,1,0,0,0,0,0,0,0,0,0,0,0,0,0,0,,,,hanseta01
249,Brett Harkins,24,BOS,C,1,0,1,1,0,0,0.1,0,0,0,0,1,0,0,1,0,,,harkibr01
250,David Harlock,23,TOR,D,1,0,0,0,-1,0,0,0,0,0,0,0,0,0,0,,,,harloda01
251,Mike Hartman,27,NYR,LW,1,0,0,0,0,4,0,0,0,0,0,0,0,0,0,,,,hartmmi01
252,Todd Harvey,19,DAL,RW,40,11,9,20,-3,67,1.8,9,2,0,1,3,6,0,64,17.2,,,harveto01
253,Derian Hatcher,22,DAL,D,43,5,11,16,3,105,3.7,3,2,0,2,7,4,0,74,6.8,,,hatchde01
254,Kevin Hatcher,28,DAL,D,47,10,19,29,-4,66,5,7,3,0,2,9,10,0,138,7.2,,,hatchke01
255,Dale Hawerchuk*,31,BUF,C,23,5,11,16,-2,2,1.4,3,2,0,2,3,8,0,56,8.9,,,hawerda01
256,Greg Hawgood,26,PIT,D,21,1,4,5,2,25,0.8,0,1,0,0,3,1,0,17,5.9,,,hawgogr01
257,Bret Hedican,24,VAN,D,45,2,11,13,-3,34,2.3,2,0,0,0,6,3,2,56,3.6,,,hedicbr01
258,Steve Heinze,25,BOS,RW,36,7,9,16,0,23,1.3,6,0,1,0,9,0,0,70,10,,,heinzst01
259,Darby Hendrickson,22,TOR,C,8,0,1,1,0,4,-0.1,0,0,0,0,1,0,0,4,0,,,hendrda01
260,Sean Hill,24,OTT,D,45,1,14,15,-11,30,2.2,1,0,0,0,8,6,0,107,0.9,,,hillse01
261,Todd Hlushko,24,CGY,C,2,0,1,1,1,2,0.1,0,0,0,0,1,0,0,3,0,,,hlushto01
262,Benoit Hogue,28,TOT,LW,45,9,7,16,0,34,1.2,7,2,0,2,6,1,0,66,13.6,,,hoguebe01
262,Benoit Hogue,28,NYI,LW,33,6,4,10,0,34,0.7,5,1,0,1,3,1,0,50,12,,,hoguebe01
262,Benoit Hogue,28,TOR,LW,12,3,3,6,0,0,0.6,2,1,0,1,3,0,0,16,18.8,,,hoguebe01
263,Milos Holan,23,MDA,D,25,2,8,10,4,14,1.9,1,1,0,1,4,3,1,93,2.2,,,holanmi01
264,Bobby Holík,24,NJD,C,48,10,10,20,9,18,1.8,10,0,0,2,9,1,0,84,11.9,,,holikbo01
265,Terry Hollinger,23,STL,D,5,0,0,0,-1,2,0,0,0,0,0,0,0,0,1,0,,,hollite01
266,Brian Holzinger,22,BUF,C,4,0,3,3,2,0,0.3,0,0,0,0,3,0,0,3,0,,,holzibr01
267,Tony Horacek,27,CHI,LW,19,0,1,1,-4,25,-0.5,0,0,0,0,1,0,0,6,0,,,horacto01
268,Doug Houda,28,BUF,D,28,1,2,3,1,68,1.7,1,0,0,0,1,0,1,21,4.8,,,houdado01
269,Mike Hough,31,FLA,LW,48,6,7,13,1,38,0.8,6,0,0,2,6,1,0,58,10.3,,,houghmi01
270,Bill Houlder,27,STL,D,41,5,13,18,16,20,3.6,4,1,0,0,10,3,0,59,8.5,,,houldbi01
271,Phil Housley*,30,CGY,D,43,8,35,43,17,18,6.8,5,3,0,0,18,17,0,135,5.9,,,houslph01
272,Mark Howe*,39,DET,D,18,1,5,6,-3,10,1,1,0,0,1,2,3,0,14,7.1,,,howema02
273,Bill Huard,27,TOT,LW,33,3,3,6,0,77,0,3,0,0,0,3,0,0,21,14.3,,,huardbi01
273,Bill Huard,27,OTT,LW,26,1,1,2,-2,64,-0.4,1,0,0,0,1,0,0,15,6.7,,,huardbi01
273,Bill Huard,27,QUE,LW,7,2,2,4,2,13,0.4,2,0,0,0,2,0,0,6,33.3,,,huardbi01
274,Charlie Huddy,35,TOT,D,41,2,5,7,-7,42,1.9,1,1,0,0,4,1,0,51,3.9,,,huddych01
274,Charlie Huddy,35,BUF,D,32,2,4,6,-1,36,2.1,1,1,0,0,3,1,0,40,5,,,huddych01
274,Charlie Huddy,35,LAK,D,9,0,1,1,-6,6,-0.1,0,0,0,0,1,0,0,11,0,,,huddych01
275,Mike Hudson,27,PIT,LW,40,2,9,11,-1,34,-0.2,2,0,0,1,9,0,0,33,6.1,,,hudsomi01
276,Kerry Huffman,27,OTT,D,37,2,4,6,-17,46,0.7,0,2,0,0,3,1,0,68,2.9,,,huffmke01
277,Brent Hughes,28,BOS,LW,44,6,6,12,6,139,0.9,6,0,0,0,6,0,0,75,8,,,hughebr02
278,Brett Hull*,30,STL,RW,48,29,21,50,13,10,6.1,17,9,3,6,11,7,3,200,14.5,,,hullbr01
279,Jody Hull,25,FLA,RW,46,11,8,19,-1,8,1.8,11,0,0,4,7,1,0,63,17.5,,,hulljo01
280,Dale Hunter,34,WSH,C,45,8,15,23,-4,101,1.7,5,3,0,1,11,4,0,73,11,,,hunteda02
281,Tim Hunter,34,VAN,RW,34,3,2,5,1,120,-0.1,3,0,0,0,2,0,0,17,17.6,,,hunteti01
282,Jamie Huscroft,28,BOS,D,34,0,6,6,-3,103,1.8,0,0,0,0,6,0,0,30,0,,,huscrja01
283,Ralph Intranuovo,21,EDM,C,1,0,1,1,1,0,0.1,0,0,0,0,1,0,0,1,0,,,intrara01
284,Dane Jackson,24,VAN,RW,3,1,0,1,0,4,0.1,1,0,0,0,0,0,0,6,16.7,,,jacksda01
285,Jaromír Jágr,22,PIT,RW,48,32,38,70,23,37,8.3,21,8,3,7,24,14,0,192,16.7,,,jagrja01
286,Craig Janney,27,TOT,C,35,7,20,27,-1,10,2.1,4,3,0,1,11,9,0,40,17.5,,,jannecr01
286,Craig Janney,27,SJS,C,27,5,15,20,-4,10,1.4,3,2,0,1,8,7,0,31,16.1,,,jannecr01
286,Craig Janney,27,STL,C,8,2,5,7,3,0,0.7,1,1,0,0,3,2,0,9,22.2,,,jannecr01
287,Mark Janssens,26,HAR,C,46,2,5,7,-8,93,-0.6,2,0,0,0,5,0,0,33,6.1,,,janssma01
288,Grant Jennings,29,TOT,D,35,0,6,6,-4,43,0.8,0,0,0,0,6,0,0,25,0,,,jennigr01
288,Grant Jennings,29,PIT,D,25,0,4,4,2,36,0.6,0,0,0,0,4,0,0,16,0,,,jennigr01
288,Grant Jennings,29,TOR,D,10,0,2,2,-6,7,0.1,0,0,0,0,2,0,0,9,0,,,jennigr01
289,Calle Johansson,27,WSH,D,46,5,26,31,-6,35,4.8,1,4,0,2,5,20,1,112,4.5,,,johanca01
290,Roger Johansson,27,CHI,D,11,1,0,1,1,6,0.7,1,0,0,0,0,0,0,10,10,,,johanro01
291,Craig Johnson,22,STL,LW,15,3,3,6,4,6,0.5,3,0,0,0,3,0,0,19,15.8,,,johnscr01
292,Greg Johnson,23,DET,C,22,3,5,8,1,14,0.4,1,2,0,0,5,0,0,32,9.4,,,johnsgr02
293,Jim Johnson,32,WSH,D,47,0,13,13,6,43,3.6,0,0,0,0,11,2,0,46,0,,,johnsji02
294,Matt Johnson,19,LAK,LW,14,1,0,1,0,102,-0.2,1,0,0,0,0,0,0,4,25,,,johnsma03
295,Keith Jones,26,WSH,RW,40,14,6,20,-2,65,2.1,13,1,0,4,4,2,0,85,16.5,,,joneske01
296,Kenny Jönsson,20,TOR,D,39,2,7,9,-8,16,1.8,2,0,0,1,2,5,0,50,4,,,jonsske01
297,Chris Joseph,25,PIT,D,33,5,10,15,3,46,2.2,2,3,0,0,8,2,0,73,6.8,,,josepch01
298,Patrik Juhlin,24,PHI,RW,42,4,3,7,-13,6,-0.5,4,0,0,1,2,1,0,44,9.1,,,juhlipa01
299,Joe Juneau,27,WSH,C,44,5,38,43,-1,8,3.3,2,3,0,0,15,22,1,70,7.1,,,juneajo01
300,Valeri Kamensky,28,QUE,LW,40,10,20,30,3,22,2.5,4,5,1,5,13,7,0,70,14.3,,,kamenva01
301,Kevin Kaminski,25,WSH,C,27,1,1,2,-6,102,-0.5,1,0,0,1,1,0,0,12,8.3,,,kaminke01
302,Yan Kaminsky,23,NYI,LW,2,1,1,2,2,0,0.3,1,0,0,0,1,0,0,4,25,,,kaminya01
303,Vitali Karamnov,26,STL,RW,26,3,7,10,7,14,0.6,3,0,0,0,7,0,0,22,13.6,,,karamvi01
304,Paul Kariya*,20,MDA,RW,47,18,21,39,-17,4,3.4,10,7,1,3,13,8,0,134,13.4,,,kariypa01
305,Dave Karpa,23,TOT,D,28,1,5,6,-1,91,1.1,1,0,0,0,5,0,0,33,3,,,karpada01
305,Dave Karpa,23,MDA,D,26,1,5,6,0,91,1.2,1,0,0,0,5,0,0,32,3.1,,,karpada01
305,Dave Karpa,23,QUE,D,2,0,0,0,-1,0,0,0,0,0,0,0,0,0,1,0,,,karpada01
306,Valeri Karpov,23,MDA,RW,30,4,7,11,-4,6,0.4,4,0,0,0,7,0,0,48,8.3,,,karpova01
307,Alexander Karpovtsev,24,NYR,D,47,4,8,12,-4,30,2.9,3,1,0,1,3,4,1,82,4.9,,,karpoal01
308,Alexei Kasatonov,35,BOS,D,44,2,14,16,-2,33,3.4,1,0,1,0,7,7,0,50,4,,,kasatal01
309,Darius Kasparaitis,22,NYI,D,13,0,1,1,-11,22,-0.3,0,0,0,0,1,0,0,8,0,,,kaspada01
310,Mike Keane,27,MTL,C,48,10,10,20,5,15,1.7,9,1,0,0,9,1,0,75,13.3,,,keanemi01
311,Dan Keczmer,26,CGY,D,28,2,3,5,7,10,1.7,2,0,0,0,2,1,0,33,6.1,,,keczmda01
312,Dean Kennedy,32,EDM,D,40,2,8,10,2,25,2.1,2,0,0,1,8,0,0,45,4.4,,,kennede01
313,Mike Kennedy,22,DAL,RW,44,6,12,18,4,33,1.3,4,2,0,0,10,2,0,76,7.9,,,kennemi01
314,Sheldon Kennedy,25,CGY,RW,30,7,8,15,5,45,1.3,6,1,0,0,8,0,0,44,15.9,,,kennesh01
315,Yuri Khmylev,30,BUF,LW,48,8,17,25,8,14,2.3,5,2,1,1,16,1,0,71,11.3,,,khmylyu01
316,Dmitri Khristich,25,WSH,LW,48,12,14,26,0,41,2.4,4,8,0,2,10,4,0,92,13,,,khrisdm01
317,Darin Kimble,26,CHI,RW,14,0,0,0,-5,30,-0.5,0,0,0,0,0,0,0,2,0,,,kimblda01
318,Derek King,27,NYI,LW,43,10,16,26,-5,41,2.1,3,7,0,0,12,4,0,118,8.5,,,kingde01
319,Kris King,28,WIN,LW,48,4,2,6,0,85,-0.4,4,0,0,0,2,0,0,58,6.9,,,kingkr01
320,Kelly Kisio,35,CGY,C,12,7,4,11,2,6,1.4,1,5,1,0,4,0,0,26,26.9,,,kisioke01
321,Trent Klatt,24,DAL,RW,47,12,10,22,-2,26,2,7,5,0,3,7,3,0,91,13.2,,,klatttr01
322,Ken Klee,23,WSH,D,23,3,1,4,2,41,1.8,3,0,0,0,1,0,0,18,16.7,,,kleeke01
323,Jon Klemm,25,QUE,D,4,1,0,1,3,2,0.4,1,0,0,0,0,0,0,5,20,,,klemmjo01
324,Petr Klima,30,TBL,LW,47,13,13,26,-13,26,2.2,9,4,0,3,9,4,0,75,17.3,,,klimape01
325,Fred Knipscheer,25,BOS,LW,16,3,1,4,1,2,0.3,3,0,0,1,1,0,0,20,15,,,knipsfr01
326,Joe Kocur,30,NYR,RW,48,1,2,3,-4,71,-0.9,1,0,0,0,2,0,0,25,4,,,kocurjo01
327,Steve Konowalchuk,22,WSH,LW,46,11,14,25,7,44,2.5,5,3,3,3,12,0,2,88,12.5,,,konowst01
328,Steve Konroyd,33,CGY,D,1,0,0,0,0,0,0,0,0,0,0,0,0,0,0,,,,konrost01
329,Vladimir Konstantinov,27,DET,D,47,3,11,14,10,101,3.6,3,0,0,0,11,0,0,57,5.3,,,konstvl01
330,Igor Korolev,24,WIN,LW,45,8,22,30,1,10,2.3,7,1,0,1,18,4,0,85,9.4,,,korolig01
331,Andrei Kovalenko,24,QUE,RW,45,14,10,24,-4,31,1.9,13,1,0,3,7,3,0,63,22.2,,,kovalan01
332,Alex Kovalev,21,NYR,C,48,13,15,28,-6,30,2.5,11,1,1,1,10,5,0,103,12.6,,,kovalal01
333,Viktor Kozlov,19,SJS,RW,16,2,0,2,-5,2,-0.2,2,0,0,0,0,0,0,23,8.7,,,kozlovi01
334,Vyacheslav Kozlov,22,DET,LW,46,13,20,33,12,45,3.3,8,5,0,3,13,7,0,97,13.4,,,kozlovy01
335,Igor Kravchuk,28,EDM,D,36,7,11,18,-15,29,2,3,3,1,0,6,5,0,93,7.5,,,kravcig01
336,Sergei Krivokrasov,20,CHI,LW,41,12,7,19,9,33,2.1,6,6,0,2,7,0,0,72,16.7,,,krivose01
337,Robert Kron,27,HAR,RW,37,10,8,18,-3,10,1.5,6,3,1,1,4,3,1,88,11.4,,,kronro01
338,Vlastimil Kroupa,19,SJS,D,14,0,2,2,-7,16,0,0,0,0,0,1,0,1,4,0,,,kroupvl01
339,Uwe Krupp,29,QUE,D,44,6,17,23,14,20,4.1,3,3,0,1,8,9,0,102,5.9,,,kruppuw01
340,Paul Kruse,24,CGY,LW,45,11,5,16,13,141,1.6,11,0,0,2,5,0,0,52,21.2,,,krusepa01
341,Mike Krushelnyski,34,DET,LW,20,2,3,5,3,6,0.2,2,0,0,0,3,0,0,20,10,,,krushmi01
342,Todd Krygier,29,MDA,LW,35,11,11,22,1,10,2.1,10,1,0,1,9,2,0,90,12.2,,,krygito01
343,Frantisek Kucera,26,HAR,D,48,3,17,20,3,30,3.9,3,0,0,1,14,3,0,73,4.1,,,kucerfr01
344,Bob Kudelski,30,FLA,RW,26,6,3,9,2,2,0.9,3,3,0,1,2,1,0,29,20.7,,,kudelbo01
345,Jari Kurri*,34,LAK,RW,38,10,19,29,-17,24,1.9,8,2,0,0,6,13,0,84,11.9,,,kurrija01
346,Tom Kurvers,32,MDA,D,22,4,3,7,-13,6,0.6,3,1,0,1,1,2,0,44,9.1,,,kurveto01
347,Nick Kypreos,28,NYR,LW,40,1,3,4,0,93,-0.5,1,0,0,0,3,0,0,16,6.3,,,kypreni01
348,Jim Kyte,30,SJS,D,18,2,5,7,-7,33,0.8,2,0,0,1,3,2,0,14,14.3,,,kyteji01
349,Scott Lachance,22,NYI,D,26,6,7,13,2,26,2.6,3,3,0,0,4,3,0,56,10.7,,,lachasc01
350,Daniel Lacroix,25,TOT,C,24,1,0,1,-2,38,-0.4,1,0,0,0,0,0,0,14,7.1,,,lacroda01
350,Daniel Lacroix,25,BOS,C,23,1,0,1,-2,38,-0.4,1,0,0,0,0,0,0,14,7.1,,,lacroda01
350,Daniel Lacroix,25,NYR,C,1,0,0,0,0,0,0,0,0,0,0,0,0,0,0,,,,lacroda01
351,Eric Lacroix,23,LAK,LW,45,9,7,16,2,54,1.1,6,2,1,1,6,1,0,64,14.1,,,lacroer01
352,Randy Ladouceur,34,MDA,D,44,2,4,6,2,36,1.8,2,0,0,0,2,1,1,42,4.8,,,ladoura01
353,Nathan LaFayette,21,TOT,C,39,4,4,8,3,2,0.2,3,0,1,0,4,0,0,35,11.4,,,lafayna01
353,Nathan LaFayette,21,VAN,C,27,4,4,8,2,2,0.5,3,0,1,0,4,0,0,30,13.3,,,lafayna01
353,Nathan LaFayette,21,NYR,C,12,0,0,0,1,0,-0.2,0,0,0,0,0,0,0,5,0,,,lafayna01
354,Pat LaFontaine*,29,BUF,C,22,12,15,27,2,4,3.2,5,6,1,3,5,10,0,54,22.2,,,lafonpa01
355,Mike Lalor,31,DAL,D,12,0,0,0,0,9,0.4,0,0,0,0,0,0,0,6,0,,,lalormi01
356,Mark Lamb,30,TOT,C,47,1,2,3,-12,20,-1.2,1,0,0,0,2,0,0,30,3.3,,,lambma01
356,Mark Lamb,30,MTL,C,39,1,0,1,-13,18,-1.2,1,0,0,0,0,0,0,23,4.3,,,lambma01
356,Mark Lamb,30,PHI,C,8,0,2,2,1,2,0,0,0,0,0,2,0,0,7,0,,,lambma01
357,Denny Lambert,25,MDA,LW,13,1,3,4,3,4,0.2,1,0,0,0,3,0,0,14,7.1,,,lambede01
358,Robert Lang,24,LAK,C,36,4,8,12,-7,4,0.3,4,0,0,0,7,1,0,38,10.5,,,langro01
359,Darren Langdon,24,NYR,LW,18,1,1,2,0,62,-0.1,1,0,0,0,1,0,0,6,16.7,,,langdda01
360,Jamie Langenbrunner,19,DAL,C,2,0,0,0,0,2,0,0,0,0,0,0,0,0,1,0,,,langeja01
361,Daniel Laperriere,25,TOT,D,17,1,1,2,-3,15,0.5,0,1,0,0,1,0,0,18,5.6,,,laperda01
361,Daniel Laperriere,25,OTT,D,13,1,1,2,-4,0,0.4,0,1,0,0,1,0,0,18,5.6,,,laperda01
361,Daniel Laperriere,25,STL,D,4,0,0,0,1,15,0.1,0,0,0,0,0,0,0,0,,,,laperda01
362,Ian Laperriere,21,STL,C,37,13,14,27,12,85,2.9,12,1,0,1,12,2,0,53,24.5,,,laperia01
363,Claude Lapointe,26,QUE,C,29,4,8,12,5,41,0.7,4,0,0,0,7,0,1,40,10,,,lapoicl01
364,Martin Lapointe,21,DET,RW,39,4,6,10,1,73,0.2,4,0,0,1,6,0,0,46,8.7,,,lapoima01
365,Igor Larionov*,34,SJS,C,33,4,20,24,-3,14,1.6,4,0,0,1,16,2,2,69,5.8,,,larioig01
366,Steve Larmer,33,NYR,RW,47,14,15,29,8,16,3.2,10,3,1,4,11,4,0,116,12.1,,,larmest01
367,Steve Larouche,23,OTT,RW,18,8,7,15,-5,6,1.6,6,2,0,2,2,5,0,38,21.1,,,laroust01
368,Janne Laukkanen,24,QUE,D,11,0,3,3,3,4,0.6,0,0,0,0,1,2,0,12,0,,,laukkja01
369,Paul Laus,24,FLA,D,37,0,7,7,12,138,3.1,0,0,0,0,7,0,0,18,0,,,lauspa01
370,Eric Lavigne,22,LAK,D,1,0,0,0,-1,0,0,0,0,0,0,0,0,0,0,,,,laviger01
371,Mark Lawrence,23,DAL,RW,2,0,0,0,0,0,0,0,0,0,0,0,0,0,3,0,,,lawrema01
372,Stephen Leach,29,BOS,RW,35,5,6,11,-3,68,0.6,4,1,0,1,4,2,0,82,6.1,,,leachst01
373,Stephan Lebeau,26,MDA,C,38,8,16,24,6,12,2.1,7,1,0,2,12,4,0,70,11.4,,,lebeast01
374,John LeBlanc,31,WIN,RW,2,0,0,0,0,0,-0.1,0,0,0,0,0,0,0,0,,,,leblajo01
375,John LeClair,25,TOT,LW,46,26,28,54,20,30,6.8,20,6,0,7,17,11,0,131,19.8,,,leclajo01
375,John LeClair,25,PHI,LW,37,25,24,49,21,20,6.5,20,5,0,7,14,10,0,113,22.1,,,leclajo01
375,John LeClair,25,MTL,LW,9,1,4,5,-1,10,0.3,0,1,0,0,3,1,0,18,5.6,,,leclajo01
376,Grant Ledyard,33,DAL,D,38,5,13,18,6,20,3.9,1,4,0,0,6,6,1,79,6.3,,,ledyagr01
377,Gary Leeman,30,VAN,RW,10,2,0,2,-3,0,0,2,0,0,1,0,0,0,14,14.3,,,leemaga01
378,Brian Leetch*,26,NYR,D,48,9,32,41,0,18,6.4,6,3,0,2,13,18,1,182,4.9,,,leetcbr01
379,Sylvain Lefebvre,27,QUE,D,48,2,11,13,13,17,2.8,2,0,0,0,8,3,0,81,2.5,,,lefebsy01
380,Claude Lemieux,29,NJD,LW,45,6,13,19,2,86,1.2,5,1,0,1,12,0,1,117,5.1,,,lemiecl01
381,Jocelyn Lemieux,27,HAR,RW,41,6,5,11,-7,32,0.3,6,0,0,1,4,0,1,78,7.7,,,lemiejo01
382,Francois Leroux,24,PIT,D,40,0,2,2,7,114,0.9,0,0,0,0,2,0,0,19,0,,,leroufr01
383,Curtis Leschyshyn,25,QUE,D,44,2,13,15,29,20,4,2,0,0,0,7,4,2,43,4.7,,,leschcu01
384,Scott Levins,25,OTT,RW,24,5,6,11,4,51,1.1,5,0,0,0,5,1,0,34,14.7,,,levinsc01
385,Doug Lidster,34,STL,D,37,2,7,9,9,12,2,1,1,0,0,7,0,0,37,5.4,,,lidstdo01
386,Nicklas Lidström*,24,DET,D,43,10,16,26,15,6,5.5,3,7,0,0,12,4,0,90,11.1,,,lidstni01
387,John Lilley,22,MDA,C,9,2,2,4,2,5,0.4,1,1,0,0,2,0,0,10,20,,,lillejo01
388,Jamie Linden,22,FLA,RW,4,0,0,0,-1,17,-0.1,0,0,0,0,0,0,0,0,,,,lindeja01
389,Trevor Linden,24,VAN,C,48,18,22,40,-5,40,3.9,9,9,0,1,8,14,0,129,14,,,lindetr01
390,Brett Lindros,19,NYI,RW,33,1,3,4,-8,100,-0.6,1,0,0,1,3,0,0,35,2.9,,,lindrbr01
391,Eric Lindros*,21,PHI,C,46,29,41,70,27,60,8.8,22,7,0,4,24,17,0,144,20.1,,,lindrer01
392,Bill Lindsay,23,FLA,LW,48,10,9,19,1,46,1.7,9,0,1,0,8,1,0,63,15.9,,,lindsbi01
393,Chris Lipuma,23,TBL,D,1,0,0,0,2,0,0.2,0,0,0,0,0,0,0,1,0,,,lipumch01
394,Andrei Lomakin,30,FLA,LW,31,1,6,7,-5,6,-0.1,0,1,0,0,4,2,0,25,4,,,lomakan01
395,Troy Loney,31,TOT,LW,30,5,4,9,-2,23,0.5,3,2,0,1,4,0,0,47,10.6,,,loneytr01
395,Troy Loney,31,NYI,LW,26,5,4,9,0,23,0.7,3,2,0,1,4,0,0,45,11.1,,,loneytr01
395,Troy Loney,31,NYR,LW,4,0,0,0,-2,0,-0.2,0,0,0,0,0,0,0,2,0,,,loneytr01
396,Kevin Lowe*,35,NYR,D,44,1,7,8,-2,58,2.3,0,1,0,0,7,0,0,35,2.9,,,loweke01
397,Dave Lowry,29,FLA,LW,45,10,10,20,-3,25,1.7,8,2,0,3,5,5,0,70,14.3,,,lowryda01
398,Craig Ludwig,33,DAL,D,47,2,7,9,-6,61,2.3,2,0,0,0,7,0,0,55,3.6,,,ludwicr01
399,Jyrki Lumme,28,VAN,D,36,5,12,17,4,26,3.2,2,3,0,1,7,3,2,78,6.4,,,lummejy01
400,Chris Luongo,27,NYI,D,47,1,3,4,-2,36,1.6,1,0,0,0,2,0,1,44,2.3,,,luongch01
401,Paul MacDermid,31,QUE,RW,14,3,1,4,3,22,0.3,3,0,0,1,1,0,0,13,23.1,,,macdepa01
402,Doug MacDonald,25,BUF,LW,2,0,0,0,-1,0,-0.1,0,0,0,0,0,0,0,0,,,,macdodo01
403,Al MacInnis*,31,STL,D,32,8,20,28,19,43,4.9,6,2,0,0,9,10,1,110,7.3,,,macinal01
404,Norm Maciver,30,TOT,D,41,4,16,20,-2,16,3,2,2,0,0,11,5,0,50,8,,,macivno01
404,Norm Maciver,30,OTT,D,28,4,7,11,-9,10,1.7,2,2,0,0,5,2,0,30,13.3,,,macivno01
404,Norm Maciver,30,PIT,D,13,0,9,9,7,6,1.4,0,0,0,0,6,3,0,20,0,,,macivno01
405,John MacLean,30,NJD,RW,46,17,12,29,13,32,3.5,14,2,1,0,6,6,0,139,12.2,,,maclejo01
406,Jamie Macoun,33,TOR,D,46,2,8,10,-6,75,2.3,1,1,0,0,8,0,0,84,2.4,,,macouja01
407,Craig MacTavish,36,PHI,C,45,3,9,12,2,23,0.3,3,0,0,0,9,0,0,38,7.9,,,mactacr01
408,Sergei Makarov*,36,SJS,RW,43,10,14,24,-4,40,1.9,9,1,0,1,12,2,0,56,17.9,,,makarse01
409,Mikko Makela,29,BOS,RW,11,1,2,3,0,0,0.1,0,1,0,0,0,2,0,10,10,,,makelmi01
410,Vladimir Malakhov,26,TOT,D,40,4,17,21,-3,46,3.2,3,1,0,0,7,10,0,91,4.4,,,malakvl01
410,Vladimir Malakhov,26,NYI,D,26,3,13,16,-1,32,2.4,2,1,0,0,6,7,0,61,4.9,,,malakvl01
410,Vladimir Malakhov,26,MTL,D,14,1,4,5,-2,14,0.8,1,0,0,0,1,3,0,30,3.3,,,malakvl01
411,Stewart Malgunas,24,PHI,D,4,0,0,0,-1,4,0.1,0,0,0,0,0,0,0,1,0,,,malgust01
412,Marek Malík,19,HAR,D,1,0,1,1,1,0,0.2,0,0,0,0,1,0,0,0,,,,malikma01
413,Troy Mallette,24,OTT,LW,23,3,5,8,6,35,0.7,3,0,0,1,5,0,0,21,14.3,,,malletr01
414,Kirk Maltby,22,EDM,RW,47,8,3,11,-11,49,0.2,6,0,2,1,2,1,0,73,11,,,maltbki01
415,Kent Manderville,23,TOR,LW,36,0,1,1,-2,22,-0.8,0,0,0,0,1,0,0,43,0,,,mandeke01
416,Dave Manson,28,WIN,D,44,3,15,18,-20,139,1.3,1,2,0,1,8,6,1,104,2.9,,,mansoda01
417,Todd Marchant,21,EDM,C,45,13,14,27,-3,32,2.4,8,3,2,2,10,4,0,95,13.7,,,marchto01
418,Bryan Marchment,25,EDM,D,40,1,5,6,-11,184,0.7,1,0,0,0,4,0,1,57,1.8,,,marchbr02
419,Chris Marinucci,23,NYI,C,12,1,4,5,-1,2,0.2,1,0,0,0,3,1,0,11,9.1,,,marinch01
420,Gordon Mark,30,EDM,D,18,0,2,2,-9,35,-0.1,0,0,0,0,1,0,1,21,0,,,markgo01
421,Grant Marshall,21,DAL,RW,2,0,1,1,1,0,0.1,0,0,0,0,1,0,0,0,,,,marshgr01
422,Jason Marshall,23,MDA,D,1,0,0,0,-2,0,-0.1,0,0,0,0,0,0,0,1,0,,,marshja02
423,Craig Martin,24,WIN,RW,20,0,1,1,-4,19,-0.6,0,0,0,0,1,0,0,3,0,,,marticr01
424,Matt Martin,23,TOR,D,15,0,0,0,2,13,0.7,0,0,0,0,0,0,0,14,0,,,martima01
425,Stephane Matteau,25,NYR,LW,41,3,5,8,-8,25,-0.2,3,0,0,0,5,0,0,37,8.1,,,mattest01
426,Richard Matvichuk,21,DAL,D,14,0,2,2,-7,14,0.2,0,0,0,0,1,1,0,21,0,,,matviri01
427,Alan May,30,TOT,LW,34,2,3,5,3,119,-0.1,2,0,0,0,3,0,0,28,7.1,,,mayal01
427,Alan May,30,DAL,LW,27,1,1,2,1,106,-0.3,1,0,0,0,1,0,0,23,4.3,,,mayal01
427,Alan May,30,CGY,LW,7,1,2,3,2,13,0.2,1,0,0,0,2,0,0,5,20,,,mayal01
428,Brad May,23,BUF,LW,33,3,3,6,5,87,0.3,2,1,0,0,3,0,0,42,7.1,,,maybr01
429,Chris McAlpine,23,NJD,D,24,0,3,3,4,17,1.4,0,0,0,0,3,0,0,19,0,,,mcalpch01
430,Dean McAmmond,21,EDM,LW,6,0,0,0,-1,0,-0.2,0,0,0,0,0,0,0,3,0,,,mcammde01
431,Sandy McCarthy,22,CGY,RW,37,5,3,8,1,101,0.1,5,0,0,2,2,1,0,29,17.2,,,mccarsa01
432,Darren McCarty,22,DET,RW,31,5,8,13,5,88,0.9,4,1,0,2,7,1,0,27,18.5,,,mccarda02
433,Shawn McCosh,25,NYR,C,5,1,0,1,1,2,0.1,1,0,0,0,0,0,0,2,50,,,mccossh01
434,Brad McCrimmon,35,HAR,D,33,0,1,1,7,42,1.6,0,0,0,0,1,0,0,13,0,,,mccribr01
435,Shawn McEachern,25,PIT,RW,44,13,13,26,4,22,2.2,10,1,2,1,12,1,0,97,13.4,,,mceacsh01
436,Ryan McGill,25,TOT,D,20,0,0,0,-4,21,0.3,0,0,0,0,0,0,0,8,0,,,mcgilry01
436,Ryan McGill,25,PHI,D,12,0,0,0,0,13,0.4,0,0,0,0,0,0,0,2,0,,,mcgilry01
436,Ryan McGill,25,EDM,D,8,0,0,0,-4,8,-0.1,0,0,0,0,0,0,0,6,0,,,mcgilry01
437,Marty McInnis,24,NYI,LW,41,9,7,16,-1,8,1.3,9,0,0,1,5,2,0,68,13.2,,,mcinnma01
438,John McIntyre,25,VAN,C,28,0,4,4,-3,37,-0.5,0,0,0,0,4,0,0,6,0,,,mcintjo01
439,Randy McKay,28,NJD,RW,33,5,7,12,10,44,1.1,5,0,0,0,6,1,0,44,11.4,,,mckayra02
440,Jim McKenzie,25,PIT,LW,39,2,1,3,-7,63,-1.1,2,0,0,1,1,0,0,16,12.5,,,mckenji02
441,Andrew McKim,24,DET,C,2,0,0,0,0,2,-0.1,0,0,0,0,0,0,0,0,,,,mckiman01
442,Dave McLlwain,28,OTT,C,43,5,6,11,-26,22,-0.3,4,1,0,0,5,1,0,48,10.4,,,mcllwda01
443,Basil McRae,34,STL,LW,21,0,5,5,4,72,-0.1,0,0,0,0,5,0,0,14,0,,,mcraeba01
444,Marty McSorley,31,LAK,D,41,3,18,21,-14,83,2.1,2,1,0,0,9,6,3,75,4,,,mcsorma01
445,Don McSween,30,MDA,D,2,0,0,0,0,0,0,0,0,0,0,0,0,0,1,0,,,mcswedo01
446,Dean Melanson,21,BUF,D,5,0,0,0,-1,4,0.2,0,0,0,0,0,0,0,1,0,,,melande01
447,Scott Mellanby,28,FLA,RW,48,13,12,25,-16,90,2,9,4,0,5,6,6,0,130,10,,,mellasc01
448,Joby Messier,24,NYR,D,10,0,2,2,2,18,0.7,0,0,0,0,2,0,0,4,0,,,messijo01
449,Mark Messier*,34,NYR,C,46,14,39,53,8,40,5.4,8,3,3,2,22,17,0,126,11.1,,,messima01
450,Oleg Mikulchik,30,WIN,D,25,0,2,2,10,12,1.3,0,0,0,0,2,0,0,5,0,,,mikulol01
451,Corey Millen,30,TOT,C,45,5,18,23,6,36,1.7,4,1,0,0,15,3,0,74,6.8,,,milleco01
451,Corey Millen,30,DAL,C,28,3,15,18,4,28,1.4,2,1,0,0,12,3,0,44,6.8,,,milleco01
451,Corey Millen,30,NJD,C,17,2,3,5,2,8,0.3,2,0,0,0,3,0,0,30,6.7,,,milleco01
452,Aaron Miller,23,QUE,D,9,0,3,3,2,6,0.5,0,0,0,0,3,0,0,12,0,,,milleaa01
453,Kelly Miller,31,WSH,RW,48,10,13,23,5,6,2.1,8,2,0,1,9,3,1,70,14.3,,,milleke01
454,Kevin Miller,29,TOT,LW,36,8,12,20,4,13,1.7,6,1,1,2,11,1,0,60,13.3,,,milleke02
454,Kevin Miller,29,SJS,LW,21,6,7,13,0,13,1.2,4,1,1,2,6,1,0,41,14.6,,,milleke02
454,Kevin Miller,29,STL,LW,15,2,5,7,4,0,0.5,2,0,0,0,5,0,0,19,10.5,,,milleke02
455,Kip Miller,25,NYI,C,8,0,1,1,1,0,-0.1,0,0,0,0,1,0,0,11,0,,,milleki01
456,Boris Mironov,22,EDM,D,29,1,7,8,-9,40,0.8,1,0,0,0,2,5,0,48,2.1,,,mironbo01
457,Dmitri Mironov,29,TOR,D,33,5,12,17,6,28,3.6,3,2,0,0,4,8,0,68,7.4,,,mirondm01
458,Mike Modano*,24,DAL,C,30,12,17,29,7,8,3.3,7,4,1,0,10,7,0,100,12,,,modanmi01
459,Jaroslav Modrý,23,NJD,D,11,0,0,0,-1,0,0.3,0,0,0,0,0,0,0,10,0,,,modryja01
460,Sandy Moger,25,BOS,RW,18,2,6,8,-1,6,0.5,0,2,0,0,4,2,0,32,6.3,,,mogersa01
461,Alexander Mogilny,25,BUF,RW,44,19,28,47,0,36,5.1,7,12,0,2,13,14,1,148,12.8,,,mogilal01
462,Randy Moller,31,FLA,D,17,0,3,3,-5,16,0.7,0,0,0,0,3,0,0,12,0,,,mollera01
463,Sergio Momesso,29,VAN,LW,48,10,15,25,-2,65,1.9,4,6,0,1,15,0,0,82,12.2,,,momesse01
464,Jim Montgomery,25,TOT,C,13,1,1,2,-4,8,-0.2,1,0,0,0,0,1,0,13,7.7,,,montgji01
464,Jim Montgomery,25,PHI,C,8,1,1,2,-2,6,0,1,0,0,0,0,1,0,10,10,,,montgji01
464,Jim Montgomery,25,MTL,C,5,0,0,0,-2,2,-0.2,0,0,0,0,0,0,0,3,0,,,montgji01
465,Jay More,26,SJS,D,45,0,6,6,7,71,2.1,0,0,0,0,6,0,0,25,0,,,moreja01
466,Scott Morrow,25,CGY,LW,4,0,0,0,0,0,-0.1,0,0,0,0,0,0,0,1,0,,,morrosc01
467,Joe Mullen*,37,PIT,RW,45,16,21,37,15,6,3.8,9,5,2,3,16,4,1,78,20.5,,,mullejo01
468,Kirk Muller,28,TOT,C,45,11,16,27,-18,47,1.8,6,4,1,2,13,3,0,97,11.3,,,mulleki01
468,Kirk Muller,28,MTL,C,33,8,11,19,-21,33,0.9,5,3,0,1,9,2,0,81,9.9,,,mulleki01
468,Kirk Muller,28,NYI,C,12,3,5,8,3,14,0.8,1,1,1,1,4,1,0,16,18.8,,,mulleki01
469,Craig Muni,32,BUF,D,40,0,6,6,-4,36,2,0,0,0,0,6,0,0,32,0,,,municr01
470,Gord Murphy,27,FLA,D,46,6,16,22,-14,24,3.7,1,5,0,0,10,6,0,94,6.4,,,murphgo01
471,Joe Murphy,27,CHI,RW,40,23,18,41,7,89,5.1,16,7,0,3,9,8,1,120,19.2,,,murphjo01
472,Larry Murphy*,33,PIT,D,48,13,25,38,12,18,5.7,9,4,0,3,15,7,3,124,10.5,,,murphla01
473,Chris Murray,20,MTL,RW,3,0,0,0,0,4,-0.1,0,0,0,0,0,0,0,0,,,,murrach01
474,Glen Murray,22,BOS,LW,35,5,2,7,-11,46,-0.1,5,0,0,2,2,0,0,64,7.8,,,murragl01
475,Rob Murray,27,WIN,C,10,0,2,2,1,2,-0.1,0,0,0,0,2,0,0,5,0,,,murraro01
476,Troy Murray,32,TOT,C,46,4,12,16,-2,39,0.7,4,0,0,1,11,1,0,45,8.9,,,murratr01
476,Troy Murray,32,OTT,C,33,4,10,14,-1,16,0.9,4,0,0,1,9,1,0,38,10.5,,,murratr01
476,Troy Murray,32,PIT,C,13,0,2,2,-1,23,-0.3,0,0,0,0,2,0,0,7,0,,,murratr01
477,Dana Murzyn,28,VAN,D,40,0,8,8,14,129,2.7,0,0,0,0,8,0,0,29,0,,,murzyda01
478,Frantisek Musil,30,CGY,D,35,0,5,5,6,61,1.6,0,0,0,0,5,0,0,18,0,,,musilfr01
479,Brantt Myhres,20,TBL,RW,15,2,0,2,-2,81,0,2,0,0,1,0,0,0,4,50,,,myhrebr01
480,Evgeny Namestnikov,23,VAN,D,16,0,3,3,2,4,0.8,0,0,0,0,3,0,0,18,0,,,namesjo01
481,Markus Näslund,21,PIT,RW,14,2,2,4,0,2,0.1,2,0,0,0,1,1,0,13,15.4,,,nasluma02
482,Mats Näslund,35,BOS,LW,34,8,14,22,-4,4,1.9,6,2,0,1,5,9,0,48,16.7,,,nasluma01
483,Andrei Nazarov,20,SJS,LW,26,3,5,8,-1,94,0.3,3,0,0,0,4,1,0,19,15.8,,,nazaran01
484,Stan Neckar,19,OTT,D,48,1,3,4,-20,37,0.6,1,0,0,0,2,1,0,34,2.9,,,neckast01
485,Petr Nedved,23,NYR,C,46,11,12,23,-1,26,2,10,1,0,3,9,3,0,123,8.9,,,nedvepe01
486,Zdenek Nedved,19,TOR,RW,1,0,0,0,0,2,0,0,0,0,0,0,0,0,0,,,,nedvezd01
487,Cam Neely*,29,BOS,RW,42,27,14,41,7,72,5.5,11,16,0,5,11,3,0,178,15.2,,,neelyca01
488,Jeff Nelson,22,WSH,C,10,1,0,1,-2,2,-0.1,1,0,0,0,0,0,0,4,25,,,nelsoje01
489,Sergei Nemchinov,31,NYR,LW,47,7,6,13,-6,16,0.5,7,0,0,3,6,0,0,67,10.4,,,nemchse01
490,Bernie Nicholls,33,CHI,C,48,22,29,51,4,32,5.7,9,11,2,5,12,17,0,114,19.3,,,nichobe01
491,Barry Nieckar,27,CGY,LW,3,0,0,0,0,12,-0.1,0,0,0,0,0,0,0,0,,,,nieckba01
492,Rob Niedermayer,20,FLA,C,48,4,6,10,-13,36,-0.2,3,1,0,0,4,2,0,58,6.9,,,niedero01
493,Scott Niedermayer*,21,NJD,D,48,4,15,19,19,18,5.1,0,4,0,0,10,4,1,52,7.7,,,niedesc01
494,Joe Nieuwendyk*,28,CGY,C,46,21,29,50,11,33,5.5,18,3,0,4,17,12,0,122,17.2,,,nieuwjo01
495,Andrei Nikolishin,21,HAR,C,39,8,10,18,7,10,1.6,6,1,1,0,7,3,0,57,14,,,nikolan01
496,Kent Nilsson,38,EDM,C,6,1,0,1,-5,0,-0.1,0,1,0,0,0,0,0,2,50,,,nilsske01
497,Owen Nolan,22,QUE,RW,46,30,19,49,21,46,6.5,15,13,2,8,15,4,0,137,21.9,,,nolanow01
498,Brian Noonan,29,NYR,RW,45,14,13,27,-3,26,2.6,7,7,0,1,9,3,1,95,14.7,,,noonabr01
499,Dwayne Norris,25,QUE,RW,13,1,2,3,1,2,0,1,0,0,1,2,0,0,7,14.3,,,norridw01
500,Mattias Norström,23,NYR,D,9,0,3,3,2,2,0.7,0,0,0,0,3,0,0,4,0,,,norstma01
501,Jeff Norton,29,TOT,D,48,3,27,30,22,72,5.3,3,0,0,1,21,6,0,48,6.3,,,nortoje01
501,Jeff Norton,29,STL,D,28,2,18,20,21,33,3.7,2,0,0,1,13,5,0,27,7.4,,,nortoje01
501,Jeff Norton,29,SJS,D,20,1,9,10,1,39,1.5,1,0,0,0,8,1,0,21,4.8,,,nortoje01
502,Teppo Numminen,26,WIN,D,42,5,16,21,12,16,3.9,3,2,0,0,10,6,0,86,5.8,,,nummite01
503,Michael Nylander,22,CGY,C,6,0,1,1,1,2,-0.1,0,0,0,0,1,0,0,2,0,,,nylanmi01
504,Sean O'Donnell,23,LAK,D,15,0,2,2,-2,49,0.4,0,0,0,0,2,0,0,12,0,,,odonnse01
505,Adam Oates*,32,BOS,C,48,12,41,53,-11,8,4.5,7,4,1,2,22,19,0,109,11,,,oatesad01
506,Lyle Odelein,26,MTL,D,48,3,7,10,-13,152,1.8,3,0,0,0,5,2,0,74,4.1,,,odelely01
507,Jeff Odgers,25,SJS,RW,48,4,3,7,-8,117,-0.5,4,0,0,1,3,0,0,47,8.5,,,odgerje01
508,Gino Odjick,24,VAN,LW,23,4,5,9,-3,109,0.5,4,0,0,0,4,1,0,35,11.4,,,odjicgi01
509,Roman Oksiuta,24,TOT,RW,38,16,4,20,-12,10,1.9,10,6,0,1,4,0,0,67,23.9,,,oksiuro01
509,Roman Oksiuta,24,EDM,RW,26,11,2,13,-14,8,1.1,6,5,0,0,2,0,0,52,21.2,,,oksiuro01
509,Roman Oksiuta,24,VAN,RW,12,5,2,7,2,2,0.9,4,1,0,1,2,0,0,15,33.3,,,oksiuro01
510,Fredrik Olausson,28,EDM,D,33,0,10,10,-4,20,1.3,0,0,0,0,9,1,0,52,0,,,olausfr01
511,Ed Olczyk,28,TOT,LW,33,4,9,13,-1,12,0.7,2,2,0,0,5,4,0,56,7.1,,,olczyed01
511,Ed Olczyk,28,NYR,LW,20,2,1,3,-2,4,-0.1,1,1,0,0,1,0,0,29,6.9,,,olczyed01
511,Ed Olczyk,28,WIN,LW,13,2,8,10,1,8,0.8,1,1,0,0,4,4,0,27,7.4,,,olczyed01
512,David Oliver,23,EDM,RW,44,16,14,30,-11,20,2.7,6,10,0,0,8,6,0,79,20.3,,,oliveda01
513,Mark Osborne,33,NYR,LW,37,1,3,4,-2,19,-0.5,1,0,0,0,2,0,1,32,3.1,,,osborma01
514,Joel Otto,33,CGY,C,47,8,13,21,8,130,1.5,6,0,2,2,12,0,1,46,17.4,,,ottojo01
515,Sandis Ozolinsh,22,SJS,D,48,9,16,25,-6,30,3.8,5,3,1,2,14,2,0,83,10.8,,,ozolisa01
516,Jim Paek,27,OTT,D,29,0,2,2,-5,28,0.7,0,0,0,0,2,0,0,16,0,,,paekji01
517,Ziggy Pálffy,22,NYI,LW,33,10,7,17,3,6,1.8,9,1,0,1,5,2,0,75,13.3,,,palffzi01
518,Grigori Panteleev,22,BOS,LW,1,0,0,0,0,0,0,0,0,0,0,0,0,0,0,,,,pantegr01
519,Richard Park,18,PIT,C,1,0,1,1,1,2,0.1,0,0,0,0,1,0,0,4,0,,,parkri01
520,James Patrick,31,CGY,D,43,0,10,10,-3,14,1.7,0,0,0,0,8,1,1,43,0,,,patrija01
521,Pat Peake,21,WSH,C,18,0,4,4,-6,12,-0.2,0,0,0,0,2,2,0,30,0,,,peakepa01
522,Rob Pearson,23,WSH,RW,32,0,6,6,-6,96,-0.3,0,0,0,0,5,1,0,34,0,,,pearsro01
523,Scott Pearson,25,TOT,RW,42,3,5,8,-14,74,-0.5,3,0,0,0,5,0,0,40,7.5,,,pearssc01
523,Scott Pearson,25,EDM,RW,28,1,4,5,-11,54,-0.5,1,0,0,0,4,0,0,21,4.8,,,pearssc01
523,Scott Pearson,25,BUF,RW,14,2,1,3,-3,20,0.1,2,0,0,0,1,0,0,19,10.5,,,pearssc01
524,Michael Peca,20,VAN,C,33,6,6,12,-6,30,0.6,4,2,0,1,4,2,0,46,13,,,pecami01
525,Tom Pederson,25,SJS,D,47,5,11,16,-14,31,2.1,5,0,0,0,6,5,0,59,8.5,,,pederto01
526,Mike Peluso,29,NJD,LW,46,2,9,11,5,167,0.2,2,0,0,1,9,0,0,27,7.4,,,pelusmi01
527,Jim Peplinski,34,CGY,LW,6,0,1,1,-2,11,-0.2,0,0,0,0,1,0,0,5,0,,,pepliji01
528,Yanic Perreault,23,LAK,C,26,2,5,7,3,20,0.2,2,0,0,1,4,1,0,43,4.7,,,perreya01
529,Michel Petit,30,LAK,D,40,5,12,17,4,84,3.1,3,2,0,0,10,2,0,70,7.1,,,petitmi01
530,Oleg Petrov,23,MTL,RW,12,2,3,5,-7,4,0.1,2,0,0,0,2,1,0,26,7.7,,,petrool01
531,Robert Petrovicky,21,HAR,C,2,0,0,0,0,0,0,0,0,0,0,0,0,0,1,0,,,petroro01
532,Michel Picard,25,OTT,LW,24,5,8,13,-1,14,1.1,4,1,0,0,4,4,0,33,15.2,,,picarmi01
533,Rich Pilon,26,NYI,D,20,1,1,2,-3,40,0.6,1,0,0,0,1,0,0,11,9.1,,,pilonri01
534,Lance Pitlick,27,OTT,D,15,0,1,1,-5,6,0.2,0,0,0,0,1,0,0,11,0,,,pitlila01
535,Michal Pivonka,29,WSH,C,46,10,23,33,3,50,3,4,4,2,2,12,9,2,80,12.5,,,pivonmi01
536,Derek Plante,24,BUF,C,47,3,19,22,-4,12,1.2,1,2,0,0,10,8,1,94,3.2,,,plantde01
537,Adrien Plavsic,25,TOT,D,18,2,2,4,8,8,1.7,2,0,0,0,2,0,0,35,5.7,,,plavsad01
537,Adrien Plavsic,25,TBL,D,15,2,1,3,5,4,1.3,2,0,0,0,1,0,0,24,8.3,,,plavsad01
537,Adrien Plavsic,25,VAN,D,3,0,1,1,3,4,0.4,0,0,0,0,1,0,0,11,0,,,plavsad01
538,Shjon Podein,26,PHI,LW,44,3,7,10,-2,33,0,3,0,0,1,6,0,1,48,6.3,,,podeish01
539,Rudy Poeschek,28,TBL,D,25,1,1,2,0,92,1.2,1,0,0,0,1,0,0,14,7.1,,,poescru01
540,Peter Popovic,26,MTL,D,33,0,5,5,-10,8,0.8,0,0,0,0,5,0,0,23,0,,,popovpe01
541,Marc Potvin,28,BOS,RW,6,0,1,1,1,4,0,0,0,0,0,1,0,0,4,0,,,potvima01
542,Dave Poulin,36,WSH,LW,29,4,5,9,2,10,0.6,2,0,2,0,5,0,0,30,13.3,,,poulida02
543,Patrick Poulin,21,CHI,LW,45,15,15,30,13,53,3.5,11,4,0,2,13,2,0,77,19.5,,,poulipa01
544,Wayne Presley,29,BUF,RW,46,14,5,19,5,41,2.2,9,0,5,2,3,1,1,90,15.6,,,preslwa01
545,Keith Primeau,23,DET,C,45,15,27,42,17,99,4.5,14,1,0,3,18,8,1,96,15.6,,,primeke02
546,Wayne Primeau,18,BUF,C,1,1,0,1,-2,0,0.1,1,0,0,1,0,0,0,2,50,,,primewa01
547,Vitali Prokhorov,28,STL,LW,2,0,0,0,1,0,0,0,0,0,0,0,0,0,0,,,,prokhvi01
548,Chris Pronger*,20,HAR,D,43,5,9,14,-12,54,2.3,2,3,0,1,7,2,0,94,5.3,,,prongch01
549,Dan Quinn,29,LAK,C,44,14,17,31,-3,32,2.8,12,2,0,4,12,4,1,78,17.9,,,quinnda01
550,Stephane Quintal,26,WIN,D,43,6,17,23,0,78,3.4,3,3,0,2,10,6,1,107,5.6,,,quintst01
551,Yves Racine,25,MTL,D,47,4,7,11,-1,42,2.8,2,2,0,1,5,2,0,63,6.3,,,racinyv01
552,Mike Ramsey,34,DET,D,33,1,2,3,11,23,2.1,1,0,0,0,2,0,0,29,3.4,,,ramsemi01
553,Paul Ranheim,29,HAR,LW,47,6,14,20,-3,10,1.1,6,0,0,1,13,1,0,73,8.2,,,ranhepa01
554,Mike Rathje,20,SJS,D,42,2,7,9,-1,29,1.9,2,0,0,0,5,2,0,38,5.3,,,rathjmi01
555,Rob Ray,26,BUF,LW,47,0,3,3,-4,173,-0.9,0,0,0,0,3,0,0,7,0,,,rayro01
556,Mark Recchi*,26,TOT,RW,49,16,32,48,-9,28,4.3,7,9,0,3,25,7,0,121,13.2,,,recchma01
556,Mark Recchi*,26,MTL,RW,39,14,29,43,-3,16,4.2,6,8,0,1,24,5,0,104,13.5,,,recchma01
556,Mark Recchi*,26,PHI,RW,10,2,3,5,-6,12,0.2,1,1,0,2,1,2,0,17,11.8,,,recchma01
557,Joe Reekie,29,WSH,D,48,1,6,7,10,97,3.5,1,0,0,0,4,0,2,52,1.9,,,reekijo01
558,Robert Reichel,23,CGY,C,48,18,17,35,-2,28,3.4,13,5,0,2,9,8,0,160,11.3,,,reichro01
559,Dave Reid,30,BOS,C,38,5,5,10,8,10,0.8,5,0,0,0,5,0,0,47,10.6,,,reidda02
560,Mikael Renberg,22,PHI,RW,47,26,31,57,20,20,7.1,18,8,0,4,27,4,0,143,18.2,,,renbemi01
561,Mike Ricci,23,QUE,C,48,15,21,36,5,40,3.3,6,9,0,1,13,7,1,73,20.5,,,riccimi01
562,Steven Rice,23,HAR,RW,40,11,10,21,2,61,2,7,4,0,1,6,4,0,57,19.3,,,ricest01
563,Travis Richards,24,DAL,D,2,0,0,0,0,0,0.1,0,0,0,0,0,0,0,1,0,,,richatr01
564,Luke Richardson,25,EDM,D,46,3,10,13,-6,40,2,1,1,1,1,8,1,1,51,5.9,,,richalu01
565,Stephane Richer,28,NJD,RW,45,23,16,39,8,10,4.8,20,1,2,5,14,2,0,133,17.3,,,richest02
566,Stephane Richer,28,FLA,D,1,0,0,0,0,2,0,0,0,0,0,0,0,0,0,,,,richest01
567,Mike Ridley,31,TOR,C,48,10,27,37,1,14,3.3,6,2,2,1,18,7,2,88,11.4,,,ridlemi01
568,Craig Rivet,20,MTL,D,5,0,1,1,2,5,0.4,0,0,0,0,1,0,0,2,0,,,rivetcr01
569,Mario Roberge,31,MTL,LW,9,0,0,0,-2,34,-0.3,0,0,0,0,0,0,0,0,,,,roberma01
570,David Roberts,24,STL,LW,19,6,5,11,2,10,1,3,3,0,2,3,2,0,41,14.6,,,roberda01
571,Gary Roberts,28,CGY,LW,8,2,2,4,1,43,0.3,0,2,0,0,1,1,0,20,10,,,roberga01
572,Luc Robitaille*,28,PIT,LW,46,23,19,42,10,37,4.6,18,5,0,3,16,3,0,109,21.1,,,robitlu01
573,Jeremy Roenick,25,CHI,C,33,10,24,34,5,14,3.4,5,5,0,1,10,13,1,93,10.8,,,roenije01
574,Jon Rohloff,25,BOS,D,34,3,8,11,1,39,2.8,3,0,0,1,6,2,0,51,5.9,,,rohlojo01
575,Brian Rolston,21,NJD,C,40,7,11,18,5,17,1.4,5,2,0,3,10,1,0,92,7.6,,,rolstbr01
576,Russell Romaniuk,24,WIN,LW,6,0,0,0,-3,0,-0.3,0,0,0,0,0,0,0,3,0,,,romanru01
577,Ed Ronan,26,MTL,RW,30,1,4,5,-7,12,-0.4,1,0,0,0,4,0,0,14,7.1,,,ronaned01
578,Cliff Ronning,29,VAN,C,41,6,19,25,-4,27,1.6,3,3,0,2,10,9,0,93,6.5,,,ronnicl01
579,Bob Rouse,30,DET,D,48,1,7,8,14,36,3.2,1,0,0,1,6,1,0,51,2,,,rousebo01
580,Jean-Yves Roy,25,NYR,RW,3,1,0,1,-1,2,0.1,1,0,0,0,0,0,0,8,12.5,,,royje01
581,Steve Rucchin,23,MDA,C,43,6,11,17,7,23,1.2,6,0,0,1,11,0,0,59,10.2,,,rucchst01
582,Martin Rucinsky,23,QUE,LW,20,3,6,9,5,14,0.6,3,0,0,0,6,0,0,32,9.4,,,rucinma01
583,Cam Russell,26,CHI,D,33,1,3,4,4,88,2,1,0,0,0,3,0,0,18,5.6,,,russeca01
584,Christian Ruuttu,30,TOT,LW,45,7,11,18,14,29,1.6,7,0,0,2,11,0,0,69,10.1,,,ruuttch01
584,Christian Ruuttu,30,VAN,LW,25,5,6,11,11,23,1.2,5,0,0,1,6,0,0,44,11.4,,,ruuttch01
584,Christian Ruuttu,30,CHI,LW,20,2,5,7,3,6,0.4,2,0,0,1,5,0,0,25,8,,,ruuttch01
585,Warren Rychel,27,TOT,LW,33,1,6,7,-4,120,-0.2,1,0,0,0,6,0,0,41,2.4,,,rychewa01
585,Warren Rychel,27,TOR,LW,26,1,6,7,1,101,0.2,1,0,0,0,6,0,0,34,2.9,,,rychewa01
585,Warren Rychel,27,LAK,LW,7,0,0,0,-5,19,-0.4,0,0,0,0,0,0,0,7,0,,,rychewa01
586,David Sacco,24,MDA,LW,8,0,2,2,-3,0,-0.1,0,0,0,0,1,1,0,5,0,,,saccoda01
587,Joe Sacco,25,MDA,RW,41,10,8,18,-8,23,1.2,8,2,0,0,6,2,0,77,13,,,saccojo01
588,Joe Sakic*,25,QUE,C,47,19,43,62,7,30,6.1,14,3,2,5,23,19,1,157,12.1,,,sakicjo01
589,Kjell Samuelsson,36,PIT,D,41,1,6,7,8,54,1.5,1,0,0,0,6,0,0,37,2.7,,,samuekj01
590,Ulf Samuelsson,30,PIT,D,44,1,15,16,11,113,2.5,1,0,0,0,10,4,1,47,2.1,,,samueul01
591,Geoff Sanderson,22,HAR,LW,46,18,14,32,-10,24,3.1,14,4,0,4,9,5,0,170,10.6,,,sandege01
592,Jim Sandlak,28,HAR,RW,13,0,0,0,-10,0,-0.7,0,0,0,0,0,0,0,13,0,,,sandlji01
593,Tomas Sandström,30,PIT,LW,47,21,23,44,1,42,4.3,16,4,1,3,16,5,2,116,18.1,,,sandsto01
594,Yves Sarault,22,MTL,LW,8,0,1,1,-1,0,-0.1,0,0,0,0,1,0,0,9,0,,,sarauyv01
595,Brian Savage,23,MTL,C,37,12,7,19,5,27,2.1,12,0,0,0,7,0,0,64,18.8,,,savagbr01
596,Denis Savard*,33,TOT,C,43,10,15,25,-3,18,2.2,8,2,0,1,9,6,0,82,12.2,,,savarde01
596,Denis Savard*,33,TBL,C,31,6,11,17,-6,10,1.3,5,1,0,1,6,5,0,56,10.7,,,savarde01
596,Denis Savard*,33,CHI,C,12,4,4,8,3,8,0.9,3,1,0,0,3,1,0,26,15.4,,,savarde01
597,Mathieu Schneider,25,TOT,D,43,8,21,29,-8,79,4.1,5,3,0,2,11,10,0,118,6.8,,,schnema01
597,Mathieu Schneider,25,MTL,D,30,5,15,20,-3,49,3,3,2,0,0,7,8,0,82,6.1,,,schnema01
597,Mathieu Schneider,25,NYI,D,13,3,6,9,-5,30,1.1,2,1,0,2,4,2,0,36,8.3,,,schnema01
598,Teemu Selänne*,24,WIN,RW,45,22,26,48,1,2,5.1,12,8,2,1,16,10,0,167,13.2,,,selante01
599,Alex Selivanov,23,TBL,RW,43,10,6,16,-2,14,1.4,6,4,0,3,5,1,0,94,10.6,,,selival01
600,Alexander Semak,28,TOT,C,41,7,11,18,-7,25,1.1,7,0,0,1,9,2,0,71,9.9,,,semakal01
600,Alexander Semak,28,TBL,C,22,5,5,10,-3,12,0.8,5,0,0,1,4,1,0,39,12.8,,,semakal01
600,Alexander Semak,28,NJD,C,19,2,6,8,-4,13,0.3,2,0,0,0,5,1,0,32,6.3,,,semakal01
601,Anatoli Semenov,32,TOT,C,41,4,6,10,-12,10,-0.2,2,2,0,0,5,0,1,69,5.8,,,semenan01
601,Anatoli Semenov,32,PHI,C,26,1,2,3,-2,6,-0.4,1,0,0,0,2,0,0,36,2.8,,,semenan01
601,Anatoli Semenov,32,MDA,C,15,3,4,7,-10,4,0.2,1,2,0,0,3,0,1,33,9.1,,,semenan01
602,Jeff Serowik,28,BOS,D,1,0,0,0,1,0,0.1,0,0,0,0,0,0,0,0,,,,serowje01
603,Brent Severyn,28,TOT,D,28,2,4,6,-2,71,1.5,1,1,0,0,3,1,0,32,6.3,,,severbr01
603,Brent Severyn,28,NYI,D,19,1,3,4,1,34,1,1,0,0,0,3,0,0,22,4.5,,,severbr01
603,Brent Severyn,28,FLA,D,9,1,1,2,-3,37,0.5,0,1,0,0,0,1,0,10,10,,,severbr01
604,Pierre Sevigny,23,MTL,LW,19,0,0,0,-5,15,-0.6,0,0,0,0,0,0,0,6,0,,,sevigpi01
605,Brendan Shanahan*,26,STL,LW,45,20,21,41,7,136,4.4,12,6,2,6,15,5,1,153,13.1,,,shanabr01
606,Darrin Shannon,25,WIN,LW,19,5,3,8,-6,14,0.5,2,3,0,1,2,1,0,26,19.2,,,shannda02
607,Darryl Shannon,26,WIN,D,40,5,9,14,1,48,2.5,4,0,1,0,8,0,1,42,11.9,,,shannda01
608,Jeff Shantz,21,CHI,LW,45,6,12,18,11,33,1.5,4,0,2,0,9,2,1,58,10.3,,,shantje01
609,Brad Shaw,30,OTT,D,2,0,0,0,3,0,0.3,0,0,0,0,0,0,0,3,0,,,shawbr01
610,David Shaw,30,BOS,D,44,3,4,7,-9,36,2.2,2,1,0,0,3,1,0,58,5.2,,,shawda01
611,Ray Sheppard,28,DET,RW,43,30,10,40,11,17,5.5,19,11,0,5,8,2,0,125,24,,,sheppra01
612,Jeff Shevalier,20,LAK,LW,1,1,0,1,1,0,0.2,1,0,0,0,0,0,0,1,100,,,shevaje01
613,Gary Shuchuk,27,LAK,C,22,3,6,9,-2,6,0.4,3,0,0,0,6,0,0,16,18.8,,,shuchga01
614,Mike Sillinger,23,TOT,C,28,4,11,15,4,8,1.1,2,2,0,0,9,2,0,39,10.3,,,sillimi01
614,Mike Sillinger,23,MDA,C,15,2,5,7,1,6,0.5,0,2,0,0,4,1,0,28,7.1,,,sillimi01
614,Mike Sillinger,23,DET,C,13,2,6,8,3,2,0.6,2,0,0,0,5,1,0,11,18.2,,,sillimi01
615,Chris Simon,23,QUE,LW,29,3,9,12,14,106,0.9,3,0,0,0,9,0,0,33,9.1,,,simonch01
616,Craig Simpson,27,BUF,LW,24,4,7,11,-5,26,0.7,3,1,0,0,4,3,0,20,20,,,simpscr01
617,Reid Simpson,25,NJD,LW,9,0,0,0,-1,27,-0.3,0,0,0,0,0,0,0,5,0,,,simpsre01
618,Brian Skrudland,31,FLA,C,47,5,9,14,0,88,0.8,4,1,0,0,9,0,0,44,11.4,,,skrudbr01
619,John Slaney,22,WSH,D,16,0,3,3,-3,6,0.8,0,0,0,0,0,3,0,21,0,,,slanejo01
620,Jiri Slegr,23,TOT,D,31,2,10,12,-5,46,1.7,1,1,0,1,7,2,1,69,2.9,,,slegrji01
620,Jiri Slegr,23,VAN,D,19,1,5,6,0,32,1.1,1,0,0,1,4,1,0,42,2.4,,,slegrji01
620,Jiri Slegr,23,EDM,D,12,1,5,6,-5,14,0.5,0,1,0,0,3,1,1,27,3.7,,,slegrji01
621,Richard Smehlik,25,BUF,D,39,4,7,11,5,46,3.4,3,0,1,1,5,2,0,49,8.2,,,smehlri01
622,Geoff Smith,25,FLA,D,47,2,4,6,-5,22,2.4,2,0,0,0,3,1,0,40,5,,,smithge01
623,Jason Smith,21,NJD,D,2,0,0,0,-3,0,-0.1,0,0,0,0,0,0,0,5,0,,,smithja01
624,Steve Smith,31,CHI,D,48,1,12,13,6,128,3.5,1,0,0,0,9,3,0,43,2.3,,,smithst05
625,Bryan Smolinski,23,BOS,LW,44,18,13,31,-3,31,3.4,12,6,0,5,10,3,0,121,14.9,,,smolibr01
626,Greg Smyth,28,CHI,D,22,0,3,3,2,33,1.3,0,0,0,0,3,0,0,10,0,,,smythgr01
627,Kevin Smyth,21,HAR,LW,16,1,5,6,-3,13,0.1,1,0,0,0,4,1,0,20,5,,,smythke01
628,Ryan Smyth,18,EDM,LW,3,0,0,0,-1,0,-0.1,0,0,0,0,0,0,0,2,0,,,smythry01
629,Chris Snell,23,LAK,D,32,2,7,9,-7,22,1.2,0,0,2,0,4,3,0,45,4.4,,,snellch01
630,Paul Stanton,27,NYI,D,18,0,4,4,-6,9,0.4,0,0,0,0,1,3,0,28,0,,,stantpa01
631,Mike Stapleton,28,EDM,RW,46,6,11,17,-12,21,0.5,3,3,0,2,7,4,0,59,10.2,,,staplmi01
632,Peter Stastny*,38,STL,C,6,1,1,2,1,0,0.1,1,0,0,0,1,0,0,9,11.1,,,stastpe01
633,Thomas Steen,34,WIN,C,31,5,10,15,-13,14,0.5,3,2,0,0,8,2,0,32,15.6,,,steenth01
634,Ron Stern,28,CGY,RW,39,9,4,13,4,163,1,8,1,0,0,4,0,0,69,13,,,sternro01
635,Kevin Stevens,29,PIT,LW,27,15,12,27,0,51,2.9,9,6,0,4,8,4,0,80,18.8,,,steveke01
636,Scott Stevens*,30,NJD,D,48,2,20,22,4,56,4.2,1,1,0,1,15,5,0,111,1.8,,,stevesc01
637,Turner Stevenson,22,MTL,RW,41,6,1,7,0,86,0.2,6,0,0,1,1,0,0,35,17.1,,,stevetu01
638,Cam Stewart,23,BOS,C,5,0,0,0,0,2,-0.1,0,0,0,0,0,0,0,2,0,,,stewaca01
639,Cory Stillman,21,CGY,C,10,0,2,2,1,2,-0.1,0,0,0,0,1,1,0,7,0,,,stillco01
640,Alek Stojanov,21,VAN,RW,4,0,0,0,-2,13,-0.2,0,0,0,0,0,0,0,1,0,,,stojaal01
641,Jim Storm,23,HAR,LW,6,0,3,3,2,0,0.2,0,0,0,0,3,0,0,3,0,,,stormji01
642,Martin Straka,22,TOT,RW,37,5,13,18,-1,16,0.9,5,0,0,0,9,4,0,49,10.2,,,strakma01
642,Martin Straka,22,PIT,RW,31,4,12,16,0,16,0.8,4,0,0,0,9,3,0,36,11.1,,,strakma01
642,Martin Straka,22,OTT,RW,6,1,1,2,-1,0,0.1,1,0,0,0,0,1,0,13,7.7,,,strakma01
643,Jozef Stümpel,22,BOS,C,44,5,13,18,4,8,1.3,4,1,0,2,11,2,0,46,10.9,,,stumpjo01
644,Mike Sullivan,26,CGY,LW,38,4,7,11,-2,14,0.2,4,0,0,2,7,0,0,31,12.9,,,sullimi01
645,Mats Sundin*,23,TOR,C,47,23,24,47,-5,14,5.2,14,9,0,4,14,10,0,173,13.3,,,sundima01
646,Gary Suter,30,CHI,D,48,10,27,37,14,42,7.1,5,5,0,0,7,19,1,144,6.9,,,suterga01
647,Brent Sutter,32,CHI,C,47,7,8,15,6,51,1.1,6,1,0,1,8,0,0,65,10.8,,,suttebr02
648,Rich Sutter,31,TOT,RW,37,0,3,3,-6,38,-0.8,0,0,0,0,3,0,0,39,0,,,sutteri01
648,Rich Sutter,31,TOR,RW,18,0,3,3,-7,10,-0.4,0,0,0,0,3,0,0,19,0,,,sutteri01
648,Rich Sutter,31,CHI,RW,15,0,0,0,1,28,-0.3,0,0,0,0,0,0,0,17,0,,,sutteri01
648,Rich Sutter,31,TBL,RW,4,0,0,0,0,0,-0.1,0,0,0,0,0,0,0,3,0,,,sutteri01
649,Ron Sutter,31,NYI,C,27,1,4,5,-8,21,-0.4,1,0,0,1,4,0,0,29,3.4,,,suttero01
650,Ken Sutton,25,TOT,D,24,4,3,7,-3,42,1.6,4,0,0,1,0,2,1,40,10,,,suttoke01
650,Ken Sutton,25,BUF,D,12,1,2,3,-2,30,0.8,1,0,0,1,0,1,1,12,8.3,,,suttoke01
650,Ken Sutton,25,EDM,D,12,3,1,4,-1,12,0.8,3,0,0,0,0,1,0,28,10.7,,,suttoke01
651,Robert Svehla,26,FLA,D,5,1,1,2,3,0,0.7,0,1,0,0,1,0,0,6,16.7,,,svehlro01
652,Magnus Svensson,31,FLA,D,19,2,5,7,5,10,2,1,1,0,0,3,2,0,41,4.9,,,svensma01
653,Petr Svoboda,28,TOT,D,37,0,8,8,-5,70,1.9,0,0,0,0,3,5,0,39,0,,,svobope01
653,Petr Svoboda,28,BUF,D,26,0,5,5,-5,60,1.3,0,0,0,0,2,3,0,22,0,,,svobope01
653,Petr Svoboda,28,PHI,D,11,0,3,3,0,10,0.6,0,0,0,0,1,2,0,17,0,,,svobope01
654,Bob Sweeney,31,BUF,C,45,5,4,9,-6,18,0.1,2,1,2,0,2,1,1,47,10.6,,,sweenbo01
655,Don Sweeney,28,BOS,D,47,3,19,22,6,24,4.7,2,1,0,2,13,6,0,102,2.9,,,sweendo01
656,Tim Sweeney,27,MDA,LW,13,1,1,2,-3,2,-0.2,1,0,0,0,1,0,0,11,9.1,,,sweenti01
657,Darryl Sydor,22,LAK,D,48,4,19,23,-2,36,3.3,1,3,0,0,17,1,1,96,4.2,,,sydorda01
658,Michal Sykora,21,SJS,D,16,0,4,4,6,10,1.2,0,0,0,0,3,0,1,6,0,,,sykormi01
659,Peter Taglianetti,31,PIT,D,13,0,1,1,1,12,0.2,0,0,0,0,1,0,0,5,0,,,taglipe01
660,Chris Tamer,24,PIT,D,36,2,0,2,0,82,0.6,2,0,0,0,0,0,0,26,7.7,,,tamerch01
661,Chris Tancill,26,SJS,LW,26,3,11,14,1,10,0.9,2,0,1,0,11,0,0,39,7.7,,,tancich01
662,Patrice Tardif,24,STL,RW,27,3,10,13,4,29,0.7,2,1,0,0,8,2,0,46,6.5,,,tardipa01
663,Chris Taylor,22,NYI,C,10,0,3,3,1,2,0.1,0,0,0,0,1,2,0,13,0,,,tayloch01
664,Tim Taylor,25,DET,C,22,0,4,4,3,16,-0.1,0,0,0,0,2,2,0,21,0,,,tayloti01
665,Chris Therien,23,PHI,D,48,3,10,13,8,38,3.5,2,1,0,0,8,2,0,53,5.7,,,therich01
666,Steve Thomas,31,NYI,RW,47,11,15,26,-14,60,1.8,8,3,0,2,9,6,0,133,8.3,,,thomast01
667,Dave Thomlinson,28,LAK,LW,1,0,0,0,-1,0,-0.1,0,0,0,0,0,0,0,0,,,,thomlda01
668,Brent Thompson,24,WIN,D,29,0,0,0,-17,78,-0.7,0,0,0,0,0,0,0,16,0,,,thompbr01
669,Scott Thornton,24,EDM,LW,47,10,12,22,-4,89,1.6,9,0,1,1,9,3,0,69,14.5,,,thornsc01
670,Milan Tichy,25,NYI,D,2,0,0,0,-1,2,0,0,0,0,0,0,0,0,1,0,,,tichymi01
671,Esa Tikkanen,30,STL,LW,43,12,23,35,13,22,3.3,5,5,2,1,14,8,1,107,11.2,,,tikkaes01
672,Mark Tinordi,28,WSH,D,42,3,9,12,-5,71,2.8,1,2,0,1,7,1,1,71,4.2,,,tinorma01
673,German Titov,29,CGY,LW,40,12,12,24,6,16,2.3,7,3,2,3,9,2,1,88,13.6,,,titovge01
674,Keith Tkachuk,22,WIN,LW,48,22,29,51,-4,152,5.2,13,7,2,2,16,10,3,129,17.1,,,tkachke01
675,Rick Tocchet,30,LAK,RW,36,18,17,35,-8,70,3.5,10,7,1,3,12,5,0,95,18.9,,,tocchri01
676,Kevin Todd,26,LAK,C,33,3,8,11,-5,12,0.2,3,0,0,1,8,0,0,34,8.8,,,toddke01
677,Dave Tomlinson,25,FLA,C,5,0,0,0,-2,0,-0.2,0,0,0,0,0,0,0,0,,,,tomlida01
678,Denis Tsygurov,23,TOT,D,25,0,0,0,-3,15,0.4,0,0,0,0,0,0,0,20,0,,,tsygude01
678,Denis Tsygurov,23,LAK,D,21,0,0,0,-2,11,0.3,0,0,0,0,0,0,0,16,0,,,tsygude01
678,Denis Tsygurov,23,BUF,D,4,0,0,0,-1,4,0.1,0,0,0,0,0,0,0,4,0,,,tsygude01
679,John Tucker,30,TBL,RW,46,12,13,25,-10,14,2.1,10,2,0,1,7,6,0,81,14.8,,,tuckejo01
680,Marko Tuomainen,22,EDM,RW,4,0,0,0,0,0,-0.1,0,0,0,0,0,0,0,5,0,,,tuomama01
681,Darren Turcotte,26,HAR,LW,47,17,18,35,1,22,3.6,13,3,1,3,11,7,0,121,14,,,turcoda01
682,Pierre Turgeon,25,TOT,C,49,24,23,47,0,14,5.4,17,5,2,4,11,12,0,160,15,,,turgepi01
682,Pierre Turgeon,25,NYI,C,34,13,14,27,-12,10,2.5,8,3,2,2,6,8,0,93,14,,,turgepi01
682,Pierre Turgeon,25,MTL,C,15,11,9,20,12,4,2.9,9,2,0,2,5,4,0,67,16.4,,,turgepi01
683,Sylvain Turgeon,30,OTT,LW,33,11,8,19,-1,29,2.1,9,2,0,1,6,2,0,83,13.3,,,turgesy01
684,Oleg Tverdovsky,18,MDA,D,36,3,9,12,-6,14,1.7,1,1,1,0,7,2,0,26,11.5,,,tverdol01
685,Tony Twist,26,STL,LW,28,3,0,3,0,89,-0.4,3,0,0,1,0,0,0,8,37.5,,,twistto01
686,Igor Ulanov,25,TOT,D,22,1,4,5,1,29,1.1,1,0,0,0,4,0,0,13,7.7,,,ulanoig01
686,Igor Ulanov,25,WIN,D,19,1,3,4,-2,27,0.6,1,0,0,0,3,0,0,13,7.7,,,ulanoig01
686,Igor Ulanov,25,WSH,D,3,0,1,1,3,2,0.4,0,0,0,0,1,0,0,0,,,,ulanoig01
687,Garry Valk,27,MDA,LW,36,3,6,9,-4,34,0,3,0,0,0,6,0,0,53,5.7,,,valkga01
688,Shaun Van Allen,27,MDA,C,45,8,21,29,-4,32,2,6,1,1,1,13,7,1,68,11.8,,,vanalsh01
689,Darren Van Impe,21,MDA,D,1,0,1,1,0,4,0.1,0,0,0,0,1,0,0,0,,,,vanimda01
690,Jarkko Varvio,22,DAL,RW,5,1,1,2,1,0,0.2,0,1,0,0,1,0,0,9,11.1,,,varvija01
691,Andrei Vasilyev,22,NYI,LW,2,0,0,0,0,2,-0.1,0,0,0,0,0,0,0,2,0,,,vasilan01
692,Dennis Vaske,27,NYI,D,41,1,11,12,3,53,2.5,1,0,0,0,9,2,0,48,2.1,,,vaskede01
693,Pat Verbeek,30,TOT,RW,48,17,16,33,-2,71,3.4,10,7,0,2,12,4,0,131,13,,,verbepa01
693,Pat Verbeek,30,HAR,RW,29,7,11,18,0,53,1.6,4,3,0,0,8,3,0,75,9.3,,,verbepa01
693,Pat Verbeek,30,NYR,RW,19,10,5,15,-2,18,1.8,6,4,0,2,4,1,0,56,17.9,,,verbepa01
694,Dennis Vial,25,OTT,D,27,0,4,4,0,65,1.2,0,0,0,0,4,0,0,9,0,,,vialde01
695,Vesa Viitakoski,23,CGY,LW,10,1,2,3,-1,6,0,0,1,0,0,1,1,0,6,16.7,,,viitave01
696,Mick Vukota,28,NYI,RW,39,0,2,2,1,109,-0.8,0,0,0,0,2,0,0,11,0,,,vukotmi01
697,Scott Walker,21,VAN,D,11,0,1,1,0,33,0.4,0,0,0,0,1,0,0,8,0,,,walkesc01
698,Wes Walz,24,CGY,RW,39,6,12,18,7,11,1.3,2,4,0,1,11,1,0,73,8.2,,,walzwe01
699,Aaron Ward,22,DET,D,1,0,1,1,1,2,0.2,0,0,0,0,1,0,0,0,,,,wardaa01
700,Dixon Ward,26,TOR,RW,22,0,3,3,-4,31,-0.4,0,0,0,0,3,0,0,15,0,,,warddi01
701,Ed Ward,25,CGY,RW,2,1,1,2,-2,2,0.1,1,0,0,0,1,0,0,1,100,,,warded01
702,Todd Warriner,21,TOR,LW,5,0,0,0,-3,0,-0.2,0,0,0,0,0,0,0,1,0,,,warrito01
703,Tim Watters,35,LAK,D,1,0,0,0,1,0,0.1,0,0,0,0,0,0,0,1,0,,,watteti01
704,Doug Weight,24,EDM,C,48,7,33,40,-17,69,2.5,6,1,0,1,13,20,0,104,6.7,,,weighdo01
705,Eric Weinrich,28,CHI,D,48,3,10,13,1,33,3.4,2,1,0,2,7,3,0,50,6,,,weinrer01
706,Jay Wells,35,NYR,D,43,2,7,9,0,36,2.6,2,0,0,0,6,1,0,38,5.3,,,wellsja01
707,Glen Wesley,26,HAR,D,48,2,14,16,-6,50,2.8,1,1,0,1,4,10,0,125,1.6,,,weslegl01
708,Peter White,25,EDM,C,9,2,4,6,1,0,0.5,0,2,0,0,4,0,0,13,15.4,,,whitepe01
709,Ray Whitney,22,SJS,LW,39,13,12,25,-7,14,2.2,9,4,0,1,8,4,0,67,19.4,,,whitnra01
710,Jason Widmer,21,NYI,D,1,0,0,0,-1,0,0,0,0,0,0,0,0,0,0,,,,widmeja01
711,Jason Wiemer,18,TBL,LW,36,1,4,5,-2,44,-0.3,1,0,0,0,4,0,0,10,10,,,wiemeja01
712,David Wilkie,20,MTL,D,1,0,0,0,0,0,0,0,0,0,0,0,0,0,0,,,,wilkida01
713,Neil Wilkinson,27,WIN,D,40,1,4,5,-26,75,-0.5,1,0,0,0,4,0,0,25,4,,,wilkine01
714,David Williams,27,MDA,D,21,2,2,4,-5,26,0.6,2,0,0,0,1,1,0,30,6.7,,,willida01
715,Craig Wolanin,27,QUE,D,40,3,6,9,12,40,2.4,3,0,0,0,5,0,1,36,8.3,,,wolancr01
716,Dody Wood,22,SJS,C,9,1,1,2,0,29,0,1,0,0,0,1,0,0,5,20,,,wooddo01
717,Randy Wood,31,TOR,LW,48,13,11,24,7,34,2.6,11,1,1,2,7,2,2,125,10.4,,,woodra01
718,Jason Woolley,25,FLA,D,34,4,9,13,-1,18,3,3,1,0,0,3,6,0,76,5.3,,,woollja01
719,Mark Wotton,21,VAN,D,1,0,0,0,1,0,0.1,0,0,0,0,0,0,0,2,0,,,wottoma01
720,Tyler Wright,21,EDM,C,6,1,0,1,1,14,0.1,1,0,0,0,0,0,0,6,16.7,,,wrighty01
721,Terry Yake,26,TOR,RW,19,3,2,5,1,2,0.3,2,1,0,2,1,1,0,26,11.5,,,yakete01
722,Alexei Yashin,21,OTT,C,47,21,23,44,-20,20,4.4,10,11,0,1,13,10,0,154,13.6,,,yashial01
723,Trent Yawney,29,CGY,D,37,0,2,2,-4,108,0.7,0,0,0,0,2,0,0,20,0,,,yawnetr01
724,Jason York,24,TOT,D,25,1,10,11,4,14,2,1,0,0,0,5,5,0,28,3.6,,,yorkja01
724,Jason York,24,MDA,D,15,0,8,8,4,12,1.3,0,0,0,0,4,4,0,22,0,,,yorkja01
724,Jason York,24,DET,D,10,1,2,3,0,2,0.7,1,0,0,0,1,1,0,6,16.7,,,yorkja01
725,Scott Young,27,QUE,RW,48,18,21,39,9,14,4,12,3,3,0,12,9,0,167,10.8,,,youngsc01
726,Paul Ysebaert,28,TOT,LW,44,12,16,28,3,18,2.8,12,0,0,1,14,2,0,93,12.9,,,ysebapa01
726,Paul Ysebaert,28,TBL,LW,29,8,11,19,-1,12,1.9,8,0,0,0,9,2,0,70,11.4,,,ysebapa01
726,Paul Ysebaert,28,CHI,LW,15,4,5,9,4,6,1,4,0,0,1,5,0,0,23,17.4,,,ysebapa01
727,Dmitry Yushkevich,23,PHI,D,40,5,9,14,-4,47,2.7,1,3,1,1,8,1,0,80,6.3,,,yushkdm01
728,Steve Yzerman*,29,DET,C,47,12,26,38,6,40,3.4,8,4,0,1,11,15,0,134,9,,,yzermst01
729,Zarley Zalapski,26,CGY,D,48,4,24,28,9,46,4.6,3,1,0,1,18,6,0,76,5.3,,,zalapza01
730,Rob Zamuner,25,TBL,LW,43,9,6,15,-3,24,1.2,6,0,3,1,3,1,2,74,12.2,,,zamunro01
731,Valeri Zelepukin,26,NJD,LW,4,1,2,3,3,6,0.4,1,0,0,0,2,0,0,6,16.7,,,zelepva01
732,Rob Zettler,26,PHI,D,32,0,1,1,-3,34,0.8,0,0,0,0,1,0,0,17,0,,,zettlro01
733,Peter Zezel,29,DAL,C,30,6,5,11,-6,19,0.7,6,0,0,1,3,1,1,47,12.8,,,zezelpe01
734,Alex Zhamnov,24,WIN,C,48,30,35,65,5,20,7.5,21,9,0,4,19,16,0,155,19.4,,,zhamnal01
735,Alexei Zhitnik,22,TOT,D,32,4,10,14,-6,61,2.4,1,3,0,0,5,5,0,66,6.1,,,zhitnal01
735,Alexei Zhitnik,22,BUF,D,21,2,5,7,-3,34,1.5,1,1,0,0,1,4,0,33,6.1,,,zhitnal01
735,Alexei Zhitnik,22,LAK,D,11,2,5,7,-3,27,0.8,0,2,0,0,4,1,0,33,6.1,,,zhitnal01
736,Doug Zmolek,24,DAL,D,42,0,5,5,-6,67,1.5,0,0,0,0,4,1,0,28,0,,,zmoledo01
737,Rick Zombo,31,STL,D,23,1,4,5,7,24,1.2,1,0,0,1,4,0,0,18,5.6,,,zombori01
738,Sergei Zubov*,24,NYR,D,38,10,26,36,-2,18,5.5,4,6,0,0,12,13,1,116,8.6,,,zubovse01
