Rk,Player,Age,Tm,Pos,GP,G,A,PTS,+/-,PIM,PS,EV,PP,SH,GW,EV,PP,SH,S,S%,TOI,ATOI,Id
1,Greg Adams,33,DAL,LW,50,21,15,36,27,2,4.8,16,5,0,4,9,6,0,113,18.6,,,adamsgr02
2,Tommy Albelin,32,CGY,D,72,4,11,15,-8,14,4,2,2,0,0,4,7,0,103,3.9,,,albelto01
3,Daniel Alfredsson*,24,OTT,RW,76,24,47,71,5,30,7.4,12,11,1,1,25,20,2,247,9.7,,,alfreda01
4,Jamie Allison,21,CGY,D,20,0,0,0,-4,35,0.5,0,0,0,0,0,0,0,8,0,,,allisja01
5,Jason Allison,21,TOT,C,72,8,26,34,-6,34,2.1,6,2,0,1,17,9,0,99,8.1,,,allisja02
5,Jason Allison,21,WSH,C,53,5,17,22,-3,25,1.3,4,1,0,1,12,5,0,71,7,,,allisja02
5,Jason Allison,21,BOS,C,19,3,9,12,-3,9,0.8,2,1,0,0,5,4,0,28,10.7,,,allisja02
6,Tony Amonte,26,CHI,RW,81,41,36,77,35,64,10.1,30,9,2,4,29,6,1,266,15.4,,,amontto01
7,Mikael Andersson,30,TBL,RW,70,5,14,19,1,8,0.6,2,0,3,1,12,0,2,102,4.9,,,andermi01
8,Niklas Andersson,25,NYI,LW,74,12,31,43,4,57,3.6,10,1,1,1,24,5,2,122,9.8,,,anderni01
9,Dave Andreychuk*,33,NJD,LW,82,27,34,61,38,48,7.5,22,4,1,2,29,5,0,233,11.6,,,andreda01
10,Shawn Antoski,26,TOT,LW,15,0,0,0,1,51,-0.4,0,0,0,0,0,0,0,3,0,,,antossh01
10,Shawn Antoski,26,PIT,LW,13,0,0,0,0,49,-0.4,0,0,0,0,0,0,0,3,0,,,antossh01
10,Shawn Antoski,26,MDA,LW,2,0,0,0,1,2,0,0,0,0,0,0,0,0,0,,,,antossh01
11,Dave Archibald,27,NYI,C,7,0,0,0,-4,4,-0.3,0,0,0,0,0,0,0,4,0,,,archida01
12,Derek Armstrong,23,NYI,C,50,6,7,13,-8,33,0.3,6,0,0,2,6,1,0,36,16.7,,,armstde01
13,Jason Arnott,22,EDM,C,67,19,38,57,-21,92,4.8,8,10,1,2,16,22,0,248,7.7,,,arnotja01
14,Adrian Aucoin,23,VAN,D,70,5,16,21,0,63,3.6,4,1,0,0,13,3,0,116,4.3,,,aucoiad01
15,Donald Audette,27,BUF,RW,73,28,22,50,-6,48,5,20,8,0,5,16,6,0,182,15.4,,,audetdo01
16,Dave Babych,35,VAN,D,78,5,22,27,-2,38,4.2,3,2,0,1,18,2,2,105,4.8,,,babycda01
17,Jamie Baker,30,TOR,C,58,8,8,16,2,28,0.9,7,1,0,3,6,1,1,69,11.6,,,bakerja01
18,Frank Banham,21,MDA,RW,3,0,0,0,-2,0,-0.2,0,0,0,0,0,0,0,1,0,,,banhafr01
19,Drew Bannister,22,TOT,D,65,4,14,18,-23,44,2.7,3,1,0,0,8,6,0,59,6.8,,,bannidr01
19,Drew Bannister,22,TBL,D,64,4,13,17,-21,44,2.7,3,1,0,0,7,6,0,57,7,,,bannidr01
19,Drew Bannister,22,EDM,D,1,0,1,1,-2,0,0,0,0,0,0,1,0,0,2,0,,,bannidr01
20,Matthew Barnaby,23,BUF,RW,68,19,24,43,16,249,4.4,17,2,0,1,22,2,0,121,15.7,,,barnama01
21,Stu Barnes,26,TOT,C,81,19,30,49,-23,26,3.2,14,5,0,3,22,7,1,176,10.8,,,barnest01
21,Stu Barnes,26,PIT,C,62,17,22,39,-20,16,2.6,13,4,0,3,18,3,1,132,12.9,,,barnest01
21,Stu Barnes,26,FLA,C,19,2,8,10,-3,10,0.5,1,1,0,0,4,4,0,44,4.5,,,barnest01
22,Murray Baron,29,TOT,D,79,1,7,8,-20,122,1,1,0,0,0,5,1,1,64,1.6,,,baronmu01
22,Murray Baron,29,MTL,D,60,1,5,6,-16,107,0.5,1,0,0,0,3,1,1,52,1.9,,,baronmu01
22,Murray Baron,29,STL,D,11,0,2,2,-4,11,0.3,0,0,0,0,2,0,0,7,0,,,baronmu01
22,Murray Baron,29,PHX,D,8,0,0,0,0,4,0.3,0,0,0,0,0,0,0,5,0,,,baronmu01
23,Bob Bassen,31,DAL,C,46,5,7,12,5,41,0.5,5,0,0,2,7,0,0,50,10,,,bassebo01
24,Ken Baumgartner,30,MDA,LW,67,0,11,11,0,182,-0.8,0,0,0,0,11,0,0,20,0,,,baumgke01
25,Clayton Beddoes,26,BOS,C,21,1,2,3,-1,13,-0.2,1,0,0,0,2,0,0,11,9.1,,,beddocl01
26,Bob Beers,29,BOS,D,27,3,4,7,0,8,1.6,2,1,0,0,4,0,0,49,6.1,,,beersbo01
27,Wade Belak,20,COL,D,5,0,0,0,-1,11,0.1,0,0,0,0,0,0,0,1,0,,,belakwa01
28,Jesse Belanger,27,EDM,C,6,0,0,0,-3,0,-0.3,0,0,0,0,0,0,0,8,0,,,belanje01
29,Ken Belanger,22,NYI,LW,18,0,2,2,-1,102,-0.3,0,0,0,0,2,0,0,5,0,,,belanke01
30,Brian Bellows,32,TOT,LW,69,16,15,31,-15,22,2,8,8,0,1,12,3,0,168,9.5,,,bellobr01
30,Brian Bellows,32,MDA,LW,62,15,13,28,-11,22,1.9,7,8,0,1,10,3,0,151,9.9,,,bellobr01
30,Brian Bellows,32,TBL,LW,7,1,2,3,-4,0,0.1,1,0,0,0,2,0,0,17,5.9,,,bellobr01
31,Josef Beranek,27,PIT,LW,8,3,1,4,-1,4,0.4,2,1,0,0,1,0,0,15,20,,,beranjo01
32,Bryan Berard,19,NYI,D,82,8,40,48,1,86,7.6,5,3,0,1,23,17,0,172,4.7,,,berarbr01
33,Sergei Berezin,25,TOR,LW,73,25,16,41,-3,2,4.3,18,7,0,2,11,5,0,177,14.1,,,berezse01
34,Aki Berg,19,LAK,D,41,2,6,8,-9,24,1.6,0,2,0,0,6,0,0,65,3.1,,,bergak01
35,Bill Berg,29,NYR,LW,67,8,6,14,2,37,0.2,6,0,2,3,6,0,0,84,9.5,,,bergbi01
36,Marc Bergevin,31,STL,D,82,0,4,4,-9,53,2.3,0,0,0,0,3,1,0,30,0,,,bergema01
37,Stefan Bergkvist,21,PIT,D,5,0,0,0,-1,7,0,0,0,0,0,0,0,0,0,,,,bergkst01
38,Todd Bertuzzi,21,NYI,RW,64,10,13,23,-3,68,1.4,7,3,0,1,11,2,0,79,12.7,,,bertuto01
39,Craig Berube,31,WSH,LW,80,4,3,7,-11,218,-1.1,4,0,0,1,3,0,0,55,7.3,,,berubcr01
40,Jeff Beukeboom,31,NYR,D,80,3,9,12,22,167,4.7,3,0,0,0,8,0,1,55,5.5,,,beukeje01
41,Radim Bicanek,22,OTT,D,21,0,1,1,-4,8,0.6,0,0,0,0,1,0,0,27,0,,,bicanra01
42,James Black,27,CHI,LW,64,12,11,23,6,20,1.8,12,0,0,3,10,1,0,122,9.8,,,blackja01
43,Rob Blake*,27,LAK,D,62,8,23,31,-28,82,3.7,4,4,0,1,14,9,0,169,4.7,,,blakero01
44,Sylvain Blouin,22,NYR,D,6,0,0,0,-1,18,0.1,0,0,0,0,0,0,0,1,0,,,blouisy01
45,Doug Bodger,30,SJS,D,81,1,15,16,-14,64,3.2,1,0,0,1,8,7,0,96,1,,,bodgedo01
46,Lonny Bohonos,23,VAN,RW,36,11,11,22,-3,10,1.9,9,2,0,1,7,4,0,67,16.4,,,bohonlo01
47,Patrick Boileau,21,WSH,D,1,0,0,0,0,0,0,0,0,0,0,0,0,0,0,,,,boilepa01
48,Peter Bondra,28,WSH,RW,77,46,31,77,7,72,10.2,32,10,4,3,21,10,0,314,14.6,,,bondrpe01
49,Radek Bonk,21,OTT,C,53,5,13,18,-4,14,0.8,4,0,1,0,12,1,0,82,6.1,,,bonkra01
50,Sebastien Bordeleau,21,MTL,C,28,2,9,11,-3,2,0.3,2,0,0,0,7,0,2,27,7.4,,,bordese01
51,Joel Bouchard,23,CGY,D,76,4,5,9,-23,49,2.5,3,0,1,0,4,1,0,61,6.6,,,bouchjo01
52,Philippe Boucher,23,LAK,D,60,7,18,25,0,25,5,5,2,0,1,11,7,0,159,4.4,,,bouchph01
53,Bob Boughner,25,BUF,D,77,1,7,8,12,225,3.6,1,0,0,0,6,0,1,34,2.9,,,boughbo01
54,Ray Bourque*,36,BOS,D,62,19,31,50,-11,18,7.1,10,8,1,3,17,9,5,230,8.3,,,bourqra01
55,Jason Bowen,23,PHI,D,4,0,1,1,1,8,0.3,0,0,0,0,1,0,0,1,0,,,bowenja01
56,Brian Bradley,32,TBL,C,35,7,17,24,2,16,2.2,4,1,2,1,10,7,0,93,7.5,,,bradlbr01
57,Donald Brashear,25,TOT,LW,69,8,5,13,-8,245,-0.3,8,0,0,2,5,0,0,61,13.1,,,brashdo01
57,Donald Brashear,25,VAN,LW,59,8,5,13,-6,207,0.1,8,0,0,2,5,0,0,55,14.5,,,brashdo01
57,Donald Brashear,25,MTL,LW,10,0,0,0,-2,38,-0.4,0,0,0,0,0,0,0,6,0,,,brashdo01
58,Rich Brennan,24,COL,D,2,0,0,0,0,0,0.1,0,0,0,0,0,0,0,0,,,,brennri01
59,Aris Brimanis,24,PHI,D,3,0,1,1,0,0,0.2,0,0,0,0,1,0,0,1,0,,,brimaar01
60,Rod Brind'Amour,26,PHI,C,82,27,32,59,2,41,5.8,17,8,2,3,25,5,2,205,13.2,,,brindro01
61,Patrice Brisebois,26,MTL,D,49,2,13,15,-7,24,1.9,2,0,0,1,8,5,0,72,2.8,,,brisepa01
62,Neal Broten,37,TOT,C,42,8,12,20,-4,12,1.4,6,1,1,2,9,2,1,55,14.5,,,brotene01
62,Neal Broten,37,DAL,C,20,8,7,15,6,12,1.8,6,1,1,2,7,0,0,35,22.9,,,brotene01
62,Neal Broten,37,LAK,C,19,0,4,4,-9,0,-0.4,0,0,0,0,2,2,0,17,0,,,brotene01
62,Neal Broten,37,NJD,C,3,0,1,1,-1,0,0,0,0,0,0,0,0,1,3,0,,,brotene01
63,Paul Brousseau,23,TBL,RW,6,0,0,0,-4,0,-0.3,0,0,0,0,0,0,0,3,0,,,brouspa01
64,Brad Brown,21,MTL,D,8,0,0,0,-1,22,0.1,0,0,0,0,0,0,0,0,,,,brownbr01
65,Curtis Brown,20,BUF,C,28,4,3,7,4,18,0.4,4,0,0,1,3,0,0,31,12.9,,,browncu01
66,Doug Brown,32,DET,LW,49,6,7,13,-3,8,0.5,5,1,0,0,5,1,1,69,8.7,,,browndo01
67,Jeff Brown,30,HAR,D,1,0,0,0,0,0,0,0,0,0,0,0,0,0,0,,,,brownje02
68,Kevin Brown,22,HAR,RW,11,0,4,4,-6,6,-0.1,0,0,0,0,3,1,0,12,0,,,brownke03
69,Sean Brown,20,EDM,D,5,0,0,0,-1,4,0.1,0,0,0,0,0,0,0,2,0,,,brownse01
70,Benoit Brunet,28,MTL,LW,39,10,13,23,6,14,2.1,8,2,0,2,11,1,1,63,15.9,,,brunebe01
71,Andrew Brunette,23,WSH,LW,23,4,7,11,-3,12,0.8,2,2,0,0,4,3,0,23,17.4,,,brunean01
72,Sergei Brylin,23,NJD,C,29,2,2,4,-13,20,-0.6,2,0,0,0,2,0,0,34,5.9,,,brylise01
73,Kelly Buchberger,30,EDM,RW,81,8,30,38,4,159,2.4,8,0,0,3,26,0,4,78,10.3,,,buchbke01
74,Pavel Bure*,25,VAN,RW,63,23,32,55,-14,40,4.9,18,4,1,2,22,8,2,265,8.7,,,burepa01
75,Valeri Bure,22,MTL,RW,64,14,21,35,4,6,2.8,10,4,0,2,13,8,0,131,10.7,,,bureva01
76,Marc Bureau,30,MTL,C,43,6,9,15,4,16,0.9,4,1,1,2,8,0,1,56,10.7,,,bureama01
77,Shawn Burr,30,TBL,LW,74,14,21,35,5,106,3.1,13,1,0,3,17,4,0,128,10.9,,,burrsh01
78,Randy Burridge,31,BUF,LW,55,10,21,31,17,20,2.9,6,1,3,0,16,4,1,85,11.8,,,burrira01
79,Adam Burt,28,HAR,D,71,2,11,13,-13,79,2.9,2,0,0,0,6,3,2,85,2.4,,,burtad01
80,Dan Bylsma,26,LAK,RW,79,3,6,9,-15,32,-1.2,3,0,0,0,5,1,0,86,3.5,,,bylsmda01
81,Eric Cairns,22,NYR,D,40,0,1,1,-7,147,0.5,0,0,0,0,1,0,0,17,0,,,cairner01
82,Jan Caloun,24,SJS,RW,2,0,0,0,-2,0,-0.1,0,0,0,0,0,0,0,3,0,,,calouja01
83,Jim Campbell,23,STL,RW,68,23,20,43,3,68,4.6,18,5,0,6,13,5,2,169,13.6,,,campbji01
84,Guy Carbonneau*,36,DAL,C,73,5,16,21,9,36,0.7,4,0,1,0,16,0,0,99,5.1,,,carbogu01
85,Terry Carkner,30,FLA,D,70,0,14,14,-4,96,3.7,0,0,0,0,13,1,0,38,0,,,carknte01
86,Keith Carney,26,CHI,D,81,3,15,18,26,62,6.4,3,0,0,1,12,3,0,77,3.9,,,carneke01
87,Bob Carpenter,33,NJD,LW,62,4,15,19,6,14,0.9,3,0,1,0,15,0,0,76,5.3,,,carpebo01
88,Anson Carter,22,TOT,RW,38,11,7,18,-7,9,1.6,8,2,1,2,4,3,0,79,13.9,,,cartean01
88,Anson Carter,22,BOS,RW,19,8,5,13,-7,2,1.2,6,1,1,1,2,3,0,51,15.7,,,cartean01
88,Anson Carter,22,WSH,RW,19,3,2,5,0,7,0.3,2,1,0,1,2,0,0,28,10.7,,,cartean01
89,Andrew Cassels,27,HAR,C,81,22,44,66,-16,46,6,14,8,0,2,28,14,2,142,15.5,,,cassean01
90,Shawn Chambers,30,NJD,D,73,4,17,21,17,19,6.6,3,1,0,0,11,5,1,114,3.5,,,chambsh01
91,Eric Charron,27,WSH,D,25,1,1,2,1,20,1.3,1,0,0,0,1,0,0,11,9.1,,,charrer01
92,Kelly Chase,29,TOT,RW,30,1,2,3,2,149,-0.3,1,0,0,0,2,0,0,6,16.7,,,chaseke01
92,Kelly Chase,29,HAR,RW,28,1,2,3,2,122,-0.2,1,0,0,0,2,0,0,5,20,,,chaseke01
92,Kelly Chase,29,TOR,RW,2,0,0,0,0,27,-0.1,0,0,0,0,0,0,0,1,0,,,chaseke01
93,Denis Chasse,26,OTT,RW,22,1,4,5,3,19,0.2,1,0,0,0,4,0,0,12,8.3,,,chassde01
94,Chris Chelios*,35,CHI,D,72,10,38,48,16,112,8.9,8,2,0,2,19,18,1,194,5.2,,,chelich01
95,Steve Chiasson,29,TOT,D,65,8,22,30,-21,39,4.5,2,4,2,1,9,13,0,168,4.8,,,chiasst01
95,Steve Chiasson,29,CGY,D,47,5,11,16,-11,32,3,2,1,2,1,6,5,0,112,4.5,,,chiasst01
95,Steve Chiasson,29,HAR,D,18,3,11,14,-10,7,1.5,0,3,0,0,3,8,0,56,5.4,,,chiasst01
96,Tom Chorske,30,OTT,LW,68,18,8,26,-1,16,2.5,16,1,1,1,6,1,1,116,15.5,,,chorsto01
97,Jeff Christian,26,PIT,LW,11,2,2,4,-3,13,0.1,2,0,0,0,2,0,0,18,11.1,,,chrisje01
98,Shane Churla,31,NYR,RW,45,0,1,1,-10,106,-1.5,0,0,0,0,1,0,0,19,0,,,churlsh01
99,Dean Chynoweth,28,BOS,D,57,0,3,3,-12,171,0.8,0,0,0,0,3,0,0,30,0,,,chynode01
100,Dave Chyzowski,25,CHI,LW,8,0,0,0,1,6,-0.2,0,0,0,0,0,0,0,6,0,,,chyzoda01
101,Dino Ciccarelli*,36,TBL,RW,77,35,25,60,-11,116,6.8,23,12,0,6,19,6,0,229,15.3,,,ciccadi01
102,Enrico Ciccone,26,CHI,D,67,2,2,4,-1,233,2.7,2,0,0,1,2,0,0,65,3.1,,,ciccoen01
103,Wendel Clark,30,TOR,LW,65,30,19,49,-2,75,5.8,24,6,0,6,13,6,0,212,14.2,,,clarkwe01
104,Paul Coffey*,35,TOT,D,57,9,25,34,11,38,6.4,7,1,1,2,17,8,0,110,8.2,,,coffepa01
104,Paul Coffey*,35,PHI,D,37,6,20,26,11,20,4.7,5,0,1,1,14,6,0,71,8.5,,,coffepa01
104,Paul Coffey*,35,HAR,D,20,3,5,8,0,18,1.7,2,1,0,1,3,2,0,39,7.7,,,coffepa01
105,Craig Conroy,25,STL,C,61,6,11,17,0,43,0.6,6,0,0,1,9,0,2,74,8.1,,,conrocr01
106,Brandon Convery,22,TOR,RW,39,2,8,10,-9,20,-0.2,2,0,0,0,5,2,1,41,4.9,,,convebr01
107,David Cooper,23,TOR,D,19,3,3,6,-3,16,1.1,1,2,0,0,1,2,0,23,13,,,coopeda01
108,Rene Corbet,23,COL,LW,76,12,15,27,14,67,2.2,11,1,0,3,13,2,0,128,9.4,,,corbere01
109,Bob Corkum,29,PHX,C,80,9,11,20,-7,40,0.5,8,0,1,3,10,1,0,119,7.6,,,corkubo01
110,Shayne Corson,30,TOT,LW,58,8,16,24,-9,104,1,5,3,0,2,14,1,1,115,7,,,corsosh01
110,Shayne Corson,30,MTL,LW,47,6,15,21,-5,80,1,4,2,0,2,13,1,1,96,6.3,,,corsosh01
110,Shayne Corson,30,STL,LW,11,2,1,3,-4,24,0,1,1,0,0,1,0,0,19,10.5,,,corsosh01
111,Patrick Cote,22,DAL,LW,3,0,0,0,0,27,-0.1,0,0,0,0,0,0,0,1,0,,,cotepa01
112,Sylvain Cote,31,WSH,D,57,6,18,24,11,28,5.9,4,2,0,0,11,7,0,131,4.6,,,cotesy01
113,Geoff Courtnall,34,STL,LW,82,17,40,57,3,86,5,13,4,0,2,30,10,0,203,8.4,,,courtge01
114,Russ Courtnall,31,TOT,RW,61,11,24,35,1,26,2.6,8,2,1,2,16,7,1,125,8.8,,,courtru01
114,Russ Courtnall,31,VAN,RW,47,9,19,28,4,24,2.2,8,1,0,1,13,5,1,101,8.9,,,courtru01
114,Russ Courtnall,31,NYR,RW,14,2,5,7,-3,2,0.3,0,1,1,1,3,2,0,24,8.3,,,courtru01
115,Larry Courville,21,VAN,LW,19,0,2,2,-4,11,-0.5,0,0,0,0,2,0,0,11,0,,,courvla01
116,Mike Craig,25,TOR,RW,65,7,13,20,-20,62,0.2,6,1,0,0,11,2,0,128,5.5,,,craigmi01
117,John Craighead,25,TOR,RW,5,0,0,0,0,10,-0.1,0,0,0,0,0,0,0,0,,,,craigjo01
118,Murray Craven,32,CHI,C,75,8,27,35,0,12,2,6,2,0,1,20,7,0,122,6.6,,,cravemu01
119,Adam Creighton,31,CHI,C,19,1,2,3,-2,13,-0.2,1,0,0,0,2,0,0,20,5,,,creigad01
120,Cory Cross,26,TBL,D,72,4,5,9,6,95,4.1,4,0,0,2,5,0,0,75,5.3,,,crossco01
121,Troy Crowder,28,VAN,RW,30,1,2,3,-6,52,-0.7,1,0,0,0,2,0,0,11,9.1,,,crowdtr01
122,Phil Crowe,26,OTT,RW,26,0,1,1,0,30,-0.5,0,0,0,0,1,0,0,8,0,,,croweph01
123,John Cullen,32,TBL,C,70,18,37,55,-14,95,4.8,13,5,0,2,19,18,0,116,15.5,,,cullejo01
124,Jassen Cullimore,24,TOT,D,52,2,6,8,2,44,1.9,1,0,1,1,3,3,0,54,3.7,,,cullija01
124,Jassen Cullimore,24,MTL,D,49,2,6,8,4,42,2,1,0,1,1,3,3,0,52,3.8,,,cullija01
124,Jassen Cullimore,24,VAN,D,3,0,0,0,-2,2,-0.1,0,0,0,0,0,0,0,2,0,,,cullija01
125,Jim Cummins,26,CHI,RW,65,6,6,12,4,199,0.1,6,0,0,0,6,0,0,61,9.8,,,cummiji01
126,Randy Cunneyworth,35,OTT,LW,76,12,24,36,-7,99,2.5,6,6,0,3,20,4,0,115,10.4,,,cunnera01
127,Mariusz Czerkawski,24,EDM,LW,76,26,21,47,0,16,5,22,4,0,3,16,5,0,182,14.3,,,czerkma01
128,Andreas Dackell,24,OTT,RW,79,12,19,31,-6,8,2,10,2,0,3,18,1,0,79,15.2,,,dackean01
129,Kevin Dahl,28,PHX,D,2,0,0,0,0,0,0.1,0,0,0,0,0,0,0,2,0,,,dahlke01
130,Ulf Dahlén,30,TOT,LW,73,14,19,33,-2,18,2.6,10,4,0,4,15,4,0,131,10.7,,,dahleul01
130,Ulf Dahlén,30,SJS,LW,43,8,11,19,-11,8,1.2,5,3,0,1,8,3,0,78,10.3,,,dahleul01
130,Ulf Dahlén,30,CHI,LW,30,6,8,14,9,10,1.4,5,1,0,3,7,1,0,53,11.3,,,dahleul01
131,Alexandre Daigle,21,OTT,RW,82,26,25,51,-33,33,4.2,22,4,0,5,11,14,0,203,12.8,,,daiglal02
132,J.J. Daigneault,31,TOT,D,66,5,23,28,0,58,4.1,5,0,0,1,12,11,0,62,8.1,,,daignjj01
132,J.J. Daigneault,31,PIT,D,53,3,14,17,-5,36,2.2,3,0,0,1,9,5,0,49,6.1,,,daignjj01
132,J.J. Daigneault,31,MDA,D,13,2,9,11,5,22,1.9,2,0,0,0,3,6,0,13,15.4,,,daignjj01
133,Vincent Damphousse,29,MTL,C,82,27,54,81,-6,82,7.4,18,7,2,3,37,14,3,244,11.1,,,damphvi01
134,Mathieu Dandenault,20,DET,RW,65,3,9,12,-10,28,-0.5,3,0,0,0,9,0,0,81,3.7,,,dandema01
135,Ken Daneyko,32,NJD,D,77,2,7,9,24,70,6,2,0,0,0,6,0,1,63,3.2,,,daneyke01
136,Jeff Daniels,28,HAR,LW,10,0,2,2,2,0,0,0,0,0,0,2,0,0,6,0,,,danieje01
137,Scott Daniels,27,PHI,RW,56,5,3,8,2,237,-0.3,5,0,0,2,3,0,0,48,10.4,,,daniesc01
138,Craig Darby,24,PHI,C,9,1,4,5,2,2,0.4,0,0,1,0,4,0,0,13,7.7,,,darbycr01
139,Jason Dawe,23,BUF,RW,81,22,26,48,14,32,4.7,17,4,1,3,17,8,1,136,16.2,,,daweja01
140,Eric Daze,21,CHI,RW,71,22,19,41,-4,16,3.9,11,11,0,4,15,4,0,176,12.5,,,dazeer01
141,Greg de Vries,24,EDM,D,37,0,4,4,-2,52,1.2,0,0,0,0,4,0,0,31,0,,,devrigr01
142,Adam Deadmarsh,21,COL,RW,78,33,27,60,8,136,6.9,20,10,3,4,12,14,1,198,16.7,,,deadmad01
143,Kevin Dean,27,NJD,D,28,2,4,6,2,6,2.1,2,0,0,0,3,1,0,21,9.5,,,deanke01
144,Louie DeBrusk,25,EDM,LW,32,2,0,2,-6,94,-0.6,2,0,0,0,0,0,0,10,20,,,debrulo01
145,Pavol Demitra,22,STL,RW,8,3,0,3,0,2,0.4,1,2,0,1,0,0,0,15,20,,,demitpa01
146,Nathan Dempsey,22,TOR,LW,14,1,1,2,-2,2,-0.1,1,0,0,0,1,0,0,11,9.1,,,dempsna01
147,Eric Desjardins,27,PHI,D,82,12,34,46,25,50,9.3,6,5,1,1,22,11,1,183,6.6,,,desjaer01
148,Jarrett Deuling,22,NYI,LW,1,0,0,0,0,0,0,0,0,0,0,0,0,0,0,,,,deulija01
149,Gerald Diduck,31,TOT,D,67,2,12,14,-7,63,3.2,1,1,0,1,10,2,0,80,2.5,,,diducge01
149,Gerald Diduck,31,HAR,D,56,1,10,11,-9,40,2.4,1,0,0,1,8,2,0,59,1.7,,,diducge01
149,Gerald Diduck,31,PHX,D,11,1,2,3,2,23,0.9,0,1,0,0,2,0,0,21,4.8,,,diducge01
150,Rob DiMaio,28,BOS,C,72,13,15,28,-21,82,1.3,10,0,3,2,11,2,2,152,8.6,,,dimairo01
151,Kevin Dineen,33,HAR,RW,78,19,29,48,-6,141,4.4,11,8,0,5,21,7,1,185,10.3,,,dineeke01
152,Paul DiPietro,26,LAK,C,6,1,0,1,-2,6,0,1,0,0,0,0,0,0,10,10,,,dipiepa01
153,Shane Doan,20,PHX,RW,63,4,8,12,-3,49,-0.1,4,0,0,0,7,1,0,100,4,,,doansh01
154,Bobby Dollas,32,MDA,D,79,4,14,18,17,55,5.1,3,1,0,1,11,3,0,96,4.2,,,dollabo01
155,Hnat Domenichelli,20,TOT,LW,23,3,3,6,-3,9,0.2,1,2,0,0,2,1,0,30,10,,,domenhn01
155,Hnat Domenichelli,20,HAR,LW,13,2,1,3,-4,7,0,1,1,0,0,1,0,0,14,14.3,,,domenhn01
155,Hnat Domenichelli,20,CGY,LW,10,1,2,3,1,2,0.2,0,1,0,0,1,1,0,16,6.3,,,domenhn01
156,Tie Domi,27,TOR,RW,80,11,17,28,-17,275,1.1,9,2,0,1,16,1,0,98,11.2,,,domiti01
157,Ted Donato,27,BOS,LW,67,25,26,51,-9,37,5.1,17,6,2,2,20,5,1,172,14.5,,,donatte01
158,Mike Donnelly,33,NYI,LW,3,0,0,0,0,2,-0.1,0,0,0,0,0,0,0,5,0,,,donnemi01
159,Shean Donovan,22,SJS,RW,73,9,6,15,-18,42,-0.1,8,0,1,0,6,0,0,115,7.8,,,donovsh01
160,Jim Dowd,28,NYI,C,3,0,0,0,-1,0,-0.1,0,0,0,0,0,0,0,0,,,,dowdji01
161,Dallas Drake,27,PHX,LW,63,17,19,36,-11,52,3,11,5,1,1,13,4,2,113,15,,,drakeda01
162,Kris Draper,25,DET,C,76,8,5,13,-11,73,-0.3,7,1,0,1,4,0,1,85,9.4,,,drapekr01
163,Bruce Driver,34,NYR,D,79,5,25,30,8,48,5.6,3,2,0,2,13,12,0,154,3.2,,,drivebr01
164,P.C. Drouin,22,BOS,LW,3,0,0,0,1,0,0,0,0,0,0,0,0,0,1,0,,,drouipc01
165,John Druce,30,PHI,RW,43,7,8,15,-5,12,0.6,6,1,0,0,8,0,0,73,9.6,,,drucejo01
166,Ted Drury,25,MDA,LW,73,9,9,18,-9,54,0.2,8,1,0,2,9,0,0,114,7.9,,,druryte01
167,Christian Dube,19,NYR,C,27,1,1,2,-4,4,-0.6,0,1,0,0,0,1,0,14,7.1,,,dubech01
168,Steve Dubinsky,26,CHI,C,5,0,0,0,2,0,-0.1,0,0,0,0,0,0,0,4,0,,,dubinst01
169,Steve Duchesne,31,OTT,D,78,19,28,47,-9,38,8.6,7,10,2,3,18,10,0,208,9.1,,,duchest01
170,Donald Dufresne,29,EDM,D,22,0,1,1,-1,15,0.6,0,0,0,0,1,0,0,10,0,,,dufredo01
171,Radek Dvorak,19,FLA,LW,78,18,21,39,-2,30,3.3,16,2,0,1,16,5,0,139,12.9,,,dvorara01
172,Karl Dykhuis,24,PHI,D,62,4,15,19,6,35,4.2,2,2,0,1,12,3,0,101,4,,,dykhuka01
173,Joe Dziedzic,25,PIT,LW,59,9,9,18,-4,63,0.6,9,0,0,1,9,0,0,85,10.6,,,dziedjo01
174,Mike Eagles,33,WSH,C,70,1,7,8,-4,42,-0.9,1,0,0,0,6,0,1,38,2.6,,,eaglemi01
175,Dallas Eakins,29,TOT,D,7,0,0,0,-4,16,-0.1,0,0,0,0,0,0,0,4,0,,,eakinda01
175,Dallas Eakins,29,PHX,D,4,0,0,0,-3,10,-0.1,0,0,0,0,0,0,0,2,0,,,eakinda01
175,Dallas Eakins,29,NYR,D,3,0,0,0,-1,6,0,0,0,0,0,0,0,0,2,0,,,eakinda01
176,Mike Eastwood,29,TOT,C,60,2,10,12,-1,14,-0.3,2,0,0,0,9,0,1,44,4.5,,,eastwmi01
176,Mike Eastwood,29,PHX,C,33,1,3,4,-3,4,-0.4,1,0,0,0,3,0,0,22,4.5,,,eastwmi01
176,Mike Eastwood,29,NYR,C,27,1,7,8,2,10,0.1,1,0,0,0,6,0,1,22,4.5,,,eastwmi01
177,Allan Egeland,24,TBL,C,4,0,0,0,-3,5,-0.2,0,0,0,0,0,0,0,1,0,,,egelaal01
178,Patrik Elias,20,NJD,RW,17,2,3,5,-4,2,0.1,2,0,0,0,3,0,0,23,8.7,,,eliaspa01
179,Todd Elik,30,BOS,LW,31,4,12,16,-12,16,0.7,3,1,0,0,11,1,0,72,5.6,,,elikto01
180,Dave Ellett,32,TOT,D,76,6,15,21,-6,40,4.3,5,1,0,2,4,8,3,105,5.7,,,elletda01
180,Dave Ellett,32,TOR,D,56,4,10,14,-8,34,2.5,4,0,0,1,4,3,3,83,4.8,,,elletda01
180,Dave Ellett,32,NJD,D,20,2,5,7,2,6,1.8,1,1,0,1,0,5,0,22,9.1,,,elletda01
181,Nelson Emerson,29,HAR,RW,66,9,29,38,-21,34,2.2,6,2,1,2,14,15,0,194,4.6,,,emersne01
182,David Emma,28,BOS,C,5,0,0,0,-1,0,-0.2,0,0,0,0,0,0,0,3,0,,,emmada01
183,Anders Eriksson,22,DET,D,23,0,6,6,5,10,1.8,0,0,0,0,6,0,0,27,0,,,eriksan01
184,Bob Errey,32,TOT,LW,66,4,8,12,-5,47,-0.2,4,0,0,0,8,0,0,72,5.6,,,erreybo01
184,Bob Errey,32,DET,LW,36,1,2,3,-3,27,-0.6,1,0,0,0,2,0,0,34,2.9,,,erreybo01
184,Bob Errey,32,SJS,LW,30,3,6,9,-2,20,0.4,3,0,0,0,6,0,0,38,7.9,,,erreybo01
185,Todd Ewen,30,SJS,RW,51,0,2,2,-5,162,-1.2,0,0,0,0,2,0,0,22,0,,,ewento01
186,Kelly Fairchild,23,TOR,C,22,0,2,2,-5,2,-0.5,0,0,0,0,2,0,0,14,0,,,faircke01
187,Pat Falloon,24,PHI,RW,52,11,12,23,-8,10,1.4,9,2,0,4,7,4,1,124,8.9,,,fallopa01
188,Glen Featherstone,28,TOT,D,54,3,8,11,-1,106,3.1,3,0,0,0,2,5,1,67,4.5,,,feathgl01
188,Glen Featherstone,28,HAR,D,41,2,5,7,0,87,2.2,2,0,0,0,1,3,1,40,5,,,feathgl01
188,Glen Featherstone,28,CGY,D,13,1,3,4,-1,19,0.9,1,0,0,0,1,2,0,27,3.7,,,feathgl01
189,Sergei Fedorov*,27,DET,C,74,30,33,63,29,30,7.8,19,9,2,4,26,6,1,273,11,,,fedorse01
190,Craig Ferguson,26,FLA,C,3,0,0,0,-1,0,-0.1,0,0,0,0,0,0,0,5,0,,,fergucr01
191,Chris Ferraro,24,NYR,RW,12,1,1,2,1,6,0,1,0,0,0,0,1,0,23,4.3,,,ferrach01
192,Peter Ferraro,24,NYR,C,2,0,0,0,0,0,-0.1,0,0,0,0,0,0,0,3,0,,,ferrape01
193,Ray Ferraro,32,LAK,C,81,25,21,46,-22,112,4.1,14,11,0,2,15,6,0,152,16.4,,,ferrara01
194,Viacheslav Fetisov*,38,DET,D,64,5,23,28,26,76,7.3,5,0,0,1,20,3,0,95,5.3,,,fetisvi01
195,Jeff Finley,29,PHX,D,65,3,7,10,-8,40,2.8,2,1,0,1,6,0,1,38,7.9,,,finleje01
196,Steven Finn,30,LAK,D,54,2,3,5,-8,84,1.8,2,0,0,1,3,0,0,35,5.7,,,finnst01
197,Craig Fisher,26,FLA,C,4,0,0,0,-2,0,-0.2,0,0,0,0,0,0,0,2,0,,,fishecr01
198,Tom Fitzgerald,28,FLA,C,71,10,14,24,7,64,1.6,8,0,2,1,13,0,1,135,7.4,,,fitzgto01
199,Rory Fitzpatrick,22,TOT,D,8,0,1,1,-4,8,0,0,0,0,0,1,0,0,6,0,,,fitzpro02
199,Rory Fitzpatrick,22,MTL,D,6,0,1,1,-2,6,0.1,0,0,0,0,1,0,0,5,0,,,fitzpro02
199,Rory Fitzpatrick,22,STL,D,2,0,0,0,-2,2,-0.1,0,0,0,0,0,0,0,1,0,,,fitzpro02
200,Pat Flatley,33,NYR,RW,68,10,12,22,6,26,1.3,10,0,0,2,11,1,0,96,10.4,,,flatlpa01
201,Theoren Fleury,28,CGY,RW,81,29,38,67,-12,104,6.9,18,9,2,3,22,15,1,336,8.6,,,fleurth01
202,Adam Foote,25,COL,D,78,2,19,21,16,135,5.6,2,0,0,0,15,2,2,60,3.3,,,footead01
203,Colin Forbes,20,PHI,LW,3,1,0,1,0,0,0.1,1,0,0,0,0,0,0,3,33.3,,,forbeco01
204,Peter Forsberg*,23,COL,C,65,28,58,86,31,73,10,19,5,4,4,34,21,3,188,14.9,,,forsbpe01
205,Corey Foster,27,NYI,D,7,0,0,0,-2,2,0,0,0,0,0,0,0,0,1,0,,,fosteco01
206,Ron Francis*,33,PIT,C,81,27,63,90,7,20,8.6,16,10,1,2,38,24,1,183,14.8,,,francro01
207,Iain Fraser,27,SJS,C,2,0,0,0,-1,2,-0.1,0,0,0,0,0,0,0,0,,,,fraseia01
208,Jeff Friesen,20,SJS,LW,82,28,34,62,-8,75,6.4,20,6,2,5,26,7,1,200,14,,,friesje01
209,Dave Gagner,32,CGY,C,82,27,33,60,2,48,6.5,18,9,0,4,18,12,3,228,11.8,,,gagneda01
210,Garry Galley,33,BUF,D,71,4,34,38,10,102,6.4,2,1,1,1,21,13,0,84,4.8,,,gallega01
211,Bruce Gardiner,24,OTT,RW,67,11,10,21,4,49,1.6,10,0,1,2,9,1,0,94,11.7,,,gardibr01
212,Johan Garpenlöv,28,FLA,LW,53,11,25,36,10,47,3.4,10,1,0,1,18,7,0,83,13.3,,,garpejo01
213,Mike Gartner*,37,PHX,RW,82,32,31,63,-11,38,6.5,18,13,1,7,19,12,0,271,11.8,,,gartnmi01
214,Aaron Gavey,22,TOT,C,57,8,11,19,-12,46,0.8,5,3,0,1,10,1,0,62,12.9,,,gaveyaa01
214,Aaron Gavey,22,CGY,C,41,7,9,16,-11,34,0.9,4,3,0,1,8,1,0,54,13,,,gaveyaa01
214,Aaron Gavey,22,TBL,C,16,1,2,3,-1,12,0,1,0,0,0,2,0,0,8,12.5,,,gaveyaa01
215,Martin Gelinas,26,VAN,LW,74,35,33,68,6,42,7.6,28,6,1,3,27,5,1,177,19.8,,,gelinma01
216,Brent Gilchrist,29,DAL,LW,67,10,20,30,6,24,2.1,8,2,0,2,17,3,0,116,8.6,,,gilchbr01
217,Todd Gill,31,SJS,D,79,0,21,21,-20,101,3.1,0,0,0,0,16,5,0,101,0,,,gillto01
218,Doug Gilmour*,33,TOT,C,81,22,60,82,2,68,7.9,17,4,1,1,42,18,0,143,15.4,,,gilmodo01
218,Doug Gilmour*,33,TOR,C,61,15,45,60,-5,46,5.4,12,2,1,1,30,15,0,103,14.6,,,gilmodo01
218,Doug Gilmour*,33,NJD,C,20,7,15,22,7,22,2.5,5,2,0,0,12,3,0,40,17.5,,,gilmodo01
219,Brian Glynn,29,HAR,D,1,1,0,1,2,2,0.4,1,0,0,0,0,0,0,2,50,,,glynnbr01
220,Alexander Godynyuk,27,HAR,D,55,1,6,7,-10,41,1.9,1,0,0,1,6,0,0,34,2.9,,,godynal01
221,Sergei Gonchar,22,WSH,D,57,13,17,30,-11,36,5.6,10,3,0,3,9,7,1,129,10.1,,,gonchse01
222,Daniel Goneau,21,NYR,LW,41,10,3,13,-5,10,0.8,7,3,0,2,2,1,0,44,22.7,,,goneada01
223,Tony Granato,32,SJS,RW,76,25,15,40,-7,159,4.2,19,5,1,4,11,4,0,231,10.8,,,granato01
224,Chris Gratton,21,TBL,C,82,30,32,62,-28,201,5.8,21,9,0,4,23,9,0,230,13,,,grattch01
225,Adam Graves,28,NYR,LW,82,33,28,61,10,66,6.8,19,10,4,3,20,6,2,269,12.3,,,gravead01
226,Travis Green,26,NYI,C,79,23,41,64,-5,38,6.2,13,10,0,3,32,9,0,177,13,,,greentr01
227,Wayne Gretzky*,36,NYR,C,82,25,72,97,12,28,9.5,19,6,0,2,46,25,1,286,8.7,,,gretzwa01
228,Mike Grier,22,EDM,RW,79,15,17,32,7,45,2.7,11,4,0,2,16,1,0,89,16.9,,,griermi01
229,Brent Grieve,27,LAK,LW,18,4,2,6,-2,15,0.5,4,0,0,1,2,0,0,50,8,,,grievbr01
230,Stu Grimson,31,TOT,LW,76,2,2,4,-8,218,-1.5,2,0,0,0,2,0,0,17,11.8,,,grimsst01
230,Stu Grimson,31,HAR,LW,75,2,2,4,-7,218,-1.4,2,0,0,0,2,0,0,17,11.8,,,grimsst01
230,Stu Grimson,31,DET,LW,1,0,0,0,-1,0,-0.1,0,0,0,0,0,0,0,0,,,,grimsst01
231,Francois Groleau,24,MTL,D,5,0,0,0,0,4,0.1,0,0,0,0,0,0,0,3,0,,,grolefr01
232,Tuomas Gronman,22,CHI,D,16,0,1,1,-4,13,0.3,0,0,0,0,1,0,0,9,0,,,gronmtu01
233,Michal Grosek,21,BUF,LW,82,15,21,36,25,71,3.3,14,1,0,2,17,4,0,117,12.8,,,grosemi01
234,Bill Guerin,26,NJD,RW,82,29,18,47,-2,95,5,22,7,0,9,14,4,0,177,16.4,,,gueribi01
235,Steve Guolla,23,SJS,LW,43,13,8,21,-10,14,1.9,11,2,0,1,7,1,0,81,16,,,guollst01
236,Alexei Gusarov,32,COL,D,58,2,12,14,4,28,3.5,2,0,0,0,11,1,0,33,6.1,,,gusaral01
237,Per Gustafsson,26,FLA,D,58,7,22,29,11,22,6.3,5,2,0,1,12,10,0,105,6.7,,,gustape02
238,Kevin Haller,26,TOT,D,62,2,11,13,-12,85,2.4,2,0,0,0,9,2,0,77,2.6,,,halleke01
238,Kevin Haller,26,HAR,D,35,2,6,8,-11,48,1.3,2,0,0,0,4,2,0,43,4.7,,,halleke01
238,Kevin Haller,26,PHI,D,27,0,5,5,-1,37,1.1,0,0,0,0,5,0,0,34,0,,,halleke01
239,Roman Hamrlik,22,TBL,D,79,12,28,40,-29,57,5.6,6,6,0,0,11,16,1,238,5,,,hamrlro01
240,Dave Hannan,35,OTT,C,34,2,2,4,-1,8,-0.3,1,0,1,1,1,0,1,16,12.5,,,hannada01
241,Tavis Hansen,21,PHX,C,1,0,0,0,0,0,0,0,0,0,0,0,0,0,0,,,,hanseta01
242,Brett Harkins,26,BOS,LW,44,4,14,18,-3,8,0.8,1,3,0,2,11,3,0,52,7.7,,,harkibr01
243,Todd Harvey,21,DAL,RW,71,9,22,31,19,142,2.4,8,1,0,2,21,1,0,99,9.1,,,harveto01
244,Derian Hatcher,24,DAL,D,63,3,19,22,8,97,4.8,3,0,0,0,17,1,1,96,3.1,,,hatchde01
245,Kevin Hatcher,30,PIT,D,80,15,39,54,11,103,8.2,6,9,0,1,22,16,1,199,7.5,,,hatchke01
246,Dale Hawerchuk*,33,PHI,C,51,12,22,34,9,32,3.2,6,6,0,2,17,5,0,102,11.8,,,hawerda01
247,Greg Hawgood,28,SJS,D,63,6,12,18,-22,69,2.8,3,3,0,0,3,9,0,83,7.2,,,hawgogr01
248,Paul Healey,21,PHI,RW,2,0,0,0,0,0,-0.1,0,0,0,0,0,0,0,0,,,,healepa01
249,Bret Hedican,26,VAN,D,67,4,15,19,-3,51,3.1,2,2,0,1,11,3,1,93,4.3,,,hedicbr01
250,Steve Heinze,27,BOS,RW,30,17,8,25,-8,27,2.9,11,4,2,2,7,1,0,96,17.7,,,heinzst01
251,Sami Helenius,23,CGY,D,3,0,1,1,1,0,0.3,0,0,0,0,1,0,0,1,0,,,helensa01
252,Darby Hendrickson,24,TOR,C,64,11,6,17,-20,47,0.3,10,0,1,0,5,1,0,105,10.5,,,hendrda01
253,Jamie Heward,25,TOR,RW,20,1,4,5,-6,6,-0.2,1,0,0,0,2,2,0,23,4.3,,,hewarja01
254,Alex Hicks,27,TOT,C,73,7,21,28,-5,90,0.9,7,0,0,3,21,0,0,78,9,,,hicksal01
254,Alex Hicks,27,PIT,C,55,5,15,20,-6,76,0.5,5,0,0,3,15,0,0,57,8.8,,,hicksal01
254,Alex Hicks,27,MDA,C,18,2,6,8,1,14,0.5,2,0,0,0,6,0,0,21,9.5,,,hicksal01
255,Sean Hill,26,OTT,D,5,0,0,0,1,4,0.3,0,0,0,0,0,0,0,9,0,,,hillse01
256,Todd Hlushko,26,CGY,LW,58,7,11,18,-2,49,1,7,0,0,0,10,0,1,76,9.2,,,hlushto01
257,Jonas Höglund,24,CGY,LW,68,19,16,35,-4,12,3.5,16,3,0,6,5,11,0,189,10.1,,,hoglujo01
258,Benoit Hogue,30,DAL,LW,73,19,24,43,8,54,4,14,5,0,5,18,6,0,131,14.5,,,hoguebe01
259,Bobby Holík,26,NJD,C,82,23,39,62,24,54,6.7,18,5,0,6,31,8,0,192,12,,,holikbo01
260,Jason Holland,20,NYI,D,4,1,0,1,1,0,0.4,1,0,0,0,0,0,0,3,33.3,,,hollaja01
261,Tomas Holmström,24,DET,LW,47,6,3,9,-10,33,-0.1,3,3,0,0,1,2,0,53,11.3,,,holmsto01
262,Brian Holzinger,24,BUF,C,81,22,29,51,9,54,4.8,18,2,2,6,23,5,1,142,15.5,,,holzibr01
263,Doug Houda,30,NYI,D,70,2,8,10,1,99,3,2,0,0,0,6,2,0,29,6.9,,,houdado01
264,Eric Houde,20,MTL,C,13,0,2,2,1,2,-0.1,0,0,0,0,2,0,0,1,0,,,houdeer01
265,Mike Hough,33,FLA,LW,69,8,6,14,12,48,0.7,8,0,0,2,6,0,0,85,9.4,,,houghmi01
266,Bill Houlder,29,TBL,D,79,4,21,25,16,30,6.6,4,0,0,2,16,4,1,116,3.4,,,houldbi01
267,Phil Housley*,32,WSH,D,77,11,29,40,-10,24,7.2,7,3,1,2,12,17,0,167,6.6,,,houslph01
268,Bill Huard,29,DAL,LW,40,5,6,11,5,105,0.5,5,0,0,0,6,0,0,34,14.7,,,huardbi01
269,Charlie Huddy,37,BUF,D,1,0,0,0,-1,0,0,0,0,0,0,0,0,0,0,,,,huddych01
270,Mike Hudson,29,PHX,C,7,0,0,0,-4,2,-0.3,0,0,0,0,0,0,0,9,0,,,hudsomi01
271,Brent Hughes,30,NYI,RW,51,7,3,10,-4,57,0.2,7,0,0,0,3,0,0,47,14.9,,,hughebr02
272,Joe Hulbig,23,EDM,LW,6,0,0,0,-1,0,-0.2,0,0,0,0,0,0,0,4,0,,,hulbijo01
273,Brett Hull*,32,STL,RW,77,42,40,82,-9,10,9.4,28,12,2,6,26,14,0,302,13.9,,,hullbr01
274,Jody Hull,27,FLA,RW,67,10,6,16,1,4,0.8,9,0,1,2,4,2,0,92,10.9,,,hulljo01
275,Cale Hulse,23,CGY,D,63,1,6,7,-2,91,3,0,0,1,0,5,0,1,58,1.7,,,hulseca01
276,Dale Hunter,36,WSH,C,82,14,32,46,-2,125,3.8,11,3,0,5,23,9,0,110,12.7,,,hunteda02
277,Tim Hunter,36,SJS,LW,46,0,4,4,0,135,-0.7,0,0,0,0,4,0,0,13,0,,,hunteti01
278,Jamie Huscroft,30,TOT,D,52,0,5,5,-2,151,2.3,0,0,0,0,5,0,0,40,0,,,huscrja01
278,Jamie Huscroft,30,CGY,D,39,0,4,4,2,117,2,0,0,0,0,4,0,0,33,0,,,huscrja01
278,Jamie Huscroft,30,TBL,D,13,0,1,1,-4,34,0.3,0,0,0,0,1,0,0,7,0,,,huscrja01
279,Al Iafrate,30,SJS,D,38,6,9,15,-10,91,2.5,3,3,0,0,5,4,0,91,6.6,,,iafraal01
280,Jarome Iginla*,19,CGY,RW,82,21,29,50,-4,37,4.8,12,8,1,3,17,9,3,169,12.4,,,iginlja01
281,Ralph Intranuovo,23,TOT,C,8,1,1,2,-1,0,0,1,0,0,0,1,0,0,6,16.7,,,intrara01
281,Ralph Intranuovo,23,EDM,C,5,1,0,1,0,0,0.1,1,0,0,0,0,0,0,2,50,,,intrara01
281,Ralph Intranuovo,23,TOR,C,3,0,1,1,-1,0,0,0,0,0,0,1,0,0,4,0,,,intrara01
282,Jaromír Jágr,24,PIT,RW,63,47,48,95,22,40,12,34,11,2,6,33,14,1,234,20.1,,,jagrja01
283,Craig Janney,29,PHX,C,77,15,38,53,-1,26,4.5,10,5,0,1,30,8,0,88,17,,,jannecr01
284,Mark Janssens,28,TOT,C,66,2,6,8,-13,137,-1.1,2,0,0,0,5,1,0,39,5.1,,,janssma01
284,Mark Janssens,28,HAR,C,54,2,4,6,-10,90,-0.8,2,0,0,0,3,1,0,30,6.7,,,janssma01
284,Mark Janssens,28,MDA,C,12,0,2,2,-3,47,-0.2,0,0,0,0,2,0,0,9,0,,,janssma01
285,Marko Jantunen,25,CGY,C,3,0,0,0,-1,0,-0.1,0,0,0,0,0,0,0,7,0,,,jantuma01
286,Andreas Johansson,23,TOT,C,42,4,9,13,-12,20,0,3,1,0,0,8,1,0,59,6.8,,,johanan01
286,Andreas Johansson,23,PIT,C,27,2,7,9,-6,20,0,2,0,0,0,7,0,0,38,5.3,,,johanan01
286,Andreas Johansson,23,NYI,C,15,2,2,4,-6,0,0,1,1,0,0,1,1,0,21,9.5,,,johanan01
287,Calle Johansson,29,WSH,D,65,6,11,17,-2,16,4.6,4,2,0,0,7,4,0,133,4.5,,,johanca01
288,Craig Johnson,24,LAK,LW,31,4,3,7,-7,26,0.1,3,1,0,0,3,0,0,30,13.3,,,johnscr01
289,Greg Johnson,25,TOT,RW,75,13,19,32,-18,26,1.5,12,1,0,0,13,4,2,108,12,,,johnsgr02
289,Greg Johnson,25,DET,RW,43,6,10,16,-5,12,0.8,6,0,0,0,7,3,0,56,10.7,,,johnsgr02
289,Greg Johnson,25,PIT,RW,32,7,9,16,-13,14,0.7,6,1,0,0,6,1,2,52,13.5,,,johnsgr02
290,Jim Johnson,34,PHX,D,55,3,7,10,5,74,3.4,3,0,0,0,5,0,2,51,5.9,,,johnsji02
291,Matt Johnson,21,LAK,LW,52,1,3,4,-4,194,-0.9,1,0,0,0,3,0,0,20,5,,,johnsma03
292,Mike Johnson,22,TOR,RW,13,2,2,4,-2,4,0.2,1,0,1,1,2,0,0,27,7.4,,,johnsmi01
293,Jean-Francois Jomphe,24,MDA,C,64,7,14,21,-9,53,0.5,6,0,1,0,11,2,1,81,8.6,,,jomphje01
294,Keith Jones,28,TOT,RW,78,25,23,48,3,118,5,10,14,1,7,17,6,0,170,14.7,,,joneske01
294,Keith Jones,28,COL,RW,67,23,20,43,5,105,4.6,9,13,1,7,14,6,0,158,14.6,,,joneske01
294,Keith Jones,28,WSH,RW,11,2,3,5,-2,13,0.4,1,1,0,0,3,0,0,12,16.7,,,joneske01
295,Kenny Jönsson,22,NYI,D,81,3,18,21,10,24,5.1,2,1,0,0,14,4,0,92,3.3,,,jonsske01
296,Chris Joseph,27,VAN,D,63,3,13,16,-21,62,1.4,1,2,0,1,5,8,0,99,3,,,josepch01
297,Ed Jovanovski,20,FLA,D,61,7,16,23,-1,172,5,4,3,0,1,11,5,0,80,8.8,,,jovaned01
298,Joe Juneau,29,WSH,LW,58,15,27,42,-11,8,3.7,5,9,1,3,18,9,0,124,12.1,,,juneajo01
299,Valeri Kamensky,30,COL,LW,68,28,38,66,5,38,7.2,20,8,0,4,20,18,0,165,17,,,kamenva01
300,Kevin Kaminski,27,WSH,C,38,1,2,3,0,130,-0.5,1,0,0,0,1,1,0,12,8.3,,,kaminke01
301,Sami Kapanen,23,HAR,RW,45,13,12,25,6,2,2.8,10,3,0,2,11,1,0,82,15.9,,,kapansa01
302,Paul Kariya*,22,MDA,LW,69,44,55,99,36,6,12.6,26,15,3,10,35,19,1,340,12.9,,,kariypa01
303,Dave Karpa,25,MDA,D,69,2,11,13,11,210,3.8,2,0,0,1,10,1,0,90,2.2,,,karpada01
304,Valeri Karpov,25,MDA,RW,9,1,0,1,-2,16,-0.1,1,0,0,0,0,0,0,4,25,,,karpova01
305,Alexander Karpovtsev,26,NYR,D,77,9,29,38,1,59,6.2,2,6,1,0,16,13,0,84,10.7,,,karpoal01
306,Darius Kasparaitis,24,TOT,D,75,2,21,23,17,100,4.7,2,0,0,0,18,1,2,58,3.4,,,kaspada01
306,Darius Kasparaitis,24,PIT,D,57,2,16,18,24,84,4.3,2,0,0,0,14,1,1,46,4.3,,,kaspada01
306,Darius Kasparaitis,24,NYI,D,18,0,5,5,-7,16,0.5,0,0,0,0,4,0,1,12,0,,,kaspada01
307,Mike Keane,29,COL,RW,81,10,17,27,2,63,1.4,9,0,1,1,17,0,0,91,11,,,keanemi01
308,Dan Keczmer,28,DAL,D,13,0,1,1,3,6,0.7,0,0,0,0,1,0,0,10,0,,,keczmda01
309,Steve Kelly,20,EDM,C,8,1,0,1,-1,6,-0.1,1,0,0,1,0,0,0,6,16.7,,,kellyst01
310,Mike Kennedy,24,DAL,RW,24,1,6,7,3,13,0.2,1,0,0,1,6,0,0,26,3.8,,,kennemi01
311,Sheldon Kennedy,27,BOS,RW,56,8,10,18,-17,30,0.4,4,0,4,0,9,0,1,65,12.3,,,kennesh01
312,Yuri Khmylev,32,STL,LW,2,1,0,1,-1,2,0.1,1,0,0,0,0,0,0,3,33.3,,,khmylyu01
313,Dmitri Khristich,27,LAK,C,75,19,37,56,8,38,5.7,16,3,0,2,29,6,2,135,14.1,,,khrisdm01
314,Chad Kilger,20,PHX,C,24,4,3,7,-5,13,0.3,3,1,0,0,3,0,0,30,13.3,,,kilgech01
315,Derek King,29,TOT,LW,82,26,33,59,-6,22,5.9,20,6,0,3,27,6,0,181,14.4,,,kingde01
315,Derek King,29,NYI,LW,70,23,30,53,-6,20,5.3,18,5,0,3,24,6,0,153,15,,,kingde01
315,Derek King,29,HAR,LW,12,3,3,6,0,2,0.6,2,1,0,0,3,0,0,28,10.7,,,kingde01
316,Kris King,30,PHX,RW,81,3,11,14,-7,185,-0.6,3,0,0,0,10,1,0,57,5.3,,,kingkr01
317,Trent Klatt,26,PHI,RW,76,24,21,45,9,20,4.6,14,5,5,5,18,3,0,131,18.3,,,klatttr01
318,Ken Klee,25,WSH,RW,80,3,8,11,-5,115,-0.6,3,0,0,2,7,0,1,108,2.8,,,kleeke01
319,Jon Klemm,27,COL,D,80,9,15,24,12,37,6.3,6,1,2,1,13,2,0,103,8.7,,,klemmjo01
320,Petr Klima,32,TOT,RW,33,2,12,14,-12,12,0.2,2,0,0,0,3,9,0,55,3.6,,,klimape01
320,Petr Klima,32,EDM,RW,16,1,5,6,-1,6,0.2,1,0,0,0,3,2,0,22,4.5,,,klimape01
320,Petr Klima,32,PIT,RW,9,1,3,4,-4,4,0.1,1,0,0,0,0,3,0,21,4.8,,,klimape01
320,Petr Klima,32,LAK,RW,8,0,4,4,-7,2,0,0,0,0,0,0,4,0,12,0,,,klimape01
321,Sergei Klimovich,22,CHI,C,1,0,0,0,0,2,0,0,0,0,0,0,0,0,0,,,,klimose01
322,Mike Knuble,24,DET,RW,9,1,0,1,-1,0,-0.1,1,0,0,0,0,0,0,10,10,,,knublmi01
323,Joe Kocur,32,DET,RW,34,2,1,3,-7,70,-0.6,2,0,0,1,1,0,0,38,5.3,,,kocurjo01
324,Saku Koivu,22,MTL,C,50,17,39,56,7,38,5.5,12,5,0,3,26,12,1,135,12.6,,,koivusa01
325,Mark Kolesar,24,TOR,RW,7,0,0,0,-3,0,-0.3,0,0,0,0,0,0,0,3,0,,,kolesma01
326,Steve Konowalchuk,24,WSH,LW,78,17,25,42,-3,67,3.8,14,2,1,3,19,5,1,155,11,,,konowst01
327,Vladimir Konstantinov,29,DET,D,77,5,33,38,38,151,9.5,5,0,0,0,24,7,2,141,3.5,,,konstvl01
328,Dan Kordic,25,PHI,LW,75,1,4,5,-1,210,-1.6,1,0,0,0,4,0,0,21,4.8,,,kordida01
329,Igor Korolev,26,PHX,RW,41,3,7,10,-5,28,0.1,1,2,0,0,6,1,0,41,7.3,,,korolig01
330,Andrei Kovalenko,26,EDM,RW,74,32,27,59,-5,81,6.6,18,14,0,2,16,11,0,163,19.6,,,kovalan01
331,Alex Kovalev,23,NYR,RW,45,13,22,35,11,42,3.6,12,1,0,0,14,8,0,110,11.8,,,kovalal01
332,Viktor Kozlov,21,SJS,C,78,16,25,41,-16,40,3,12,4,0,4,17,8,0,184,8.7,,,kozlovi01
333,Vyacheslav Kozlov,24,DET,C,75,23,22,45,21,46,5.2,20,3,0,6,16,6,0,211,10.9,,,kozlovy01
334,Igor Kravchuk,30,STL,D,82,4,24,28,7,35,6.1,3,1,0,0,14,10,0,142,2.8,,,kravcig01
335,Sergei Krivokrasov,22,CHI,LW,67,13,11,24,-1,42,1.7,11,2,0,3,10,1,0,104,12.5,,,krivose01
336,Robert Kron,29,HAR,C,68,10,12,22,-18,10,0.9,8,2,0,4,8,4,0,182,5.5,,,kronro01
337,Vlastimil Kroupa,21,SJS,D,35,2,6,8,-17,12,0.9,0,2,0,1,4,2,0,24,8.3,,,kroupvl01
338,Uwe Krupp,31,COL,D,60,4,17,21,12,48,5,2,2,0,1,12,3,2,107,3.7,,,kruppuw01
339,Paul Kruse,26,TOT,LW,62,6,2,8,-9,141,-0.5,6,0,0,1,2,0,0,49,12.2,,,krusepa01
339,Paul Kruse,26,NYI,LW,48,4,2,6,-5,111,-0.4,4,0,0,0,2,0,0,39,10.3,,,krusepa01
339,Paul Kruse,26,CGY,LW,14,2,0,2,-4,30,-0.1,2,0,0,1,0,0,0,10,20,,,krusepa01
340,Todd Krygier,31,WSH,LW,47,5,11,16,-10,37,0.6,4,1,0,1,7,4,0,121,4.1,,,krygito01
341,Frantisek Kucera,28,TOT,D,4,0,0,0,-2,2,-0.1,0,0,0,0,0,0,0,5,0,,,kucerfr01
341,Frantisek Kucera,28,PHI,D,2,0,0,0,-2,2,-0.1,0,0,0,0,0,0,0,2,0,,,kucerfr01
341,Frantisek Kucera,28,VAN,D,2,0,0,0,0,0,0,0,0,0,0,0,0,0,3,0,,,kucerfr01
342,Jari Kurri*,36,MDA,RW,82,13,22,35,-13,12,1.7,10,3,0,3,17,4,1,109,11.9,,,kurrija01
343,Nick Kypreos,30,TOR,LW,35,3,2,5,1,62,-0.1,3,0,0,0,2,0,0,18,16.7,,,kypreni01
344,Marc Labelle,27,DAL,LW,9,0,0,0,-4,46,-0.4,0,0,0,0,0,0,0,2,0,,,labelma01
345,Scott Lachance,24,NYI,D,81,3,11,14,-7,47,3.2,2,1,0,0,9,2,0,97,3.1,,,lachasc01
346,Daniel Lacroix,27,PHI,C,74,7,1,8,-1,163,-0.8,6,1,0,0,1,0,0,54,13,,,lacroda01
347,Eric Lacroix,25,COL,LW,81,18,18,36,16,26,3.5,16,2,0,4,17,1,0,141,12.8,,,lacroer01
348,Nathan LaFayette,23,LAK,C,15,1,3,4,-8,8,-0.1,0,0,1,1,3,0,0,26,3.8,,,lafayna01
349,Christian Laflamme,20,CHI,D,4,0,1,1,3,2,0.4,0,0,0,0,1,0,0,3,0,,,laflach01
350,Pat LaFontaine*,31,BUF,C,13,2,6,8,-8,4,0.3,1,1,0,0,1,5,0,38,5.3,,,lafonpa01
351,Sasha Lakovic,25,CGY,LW,19,0,1,1,-1,54,-0.4,0,0,0,0,1,0,0,10,0,,,lakovsa01
352,Mike Lalor,33,DAL,D,55,1,1,2,3,42,2.2,1,0,0,0,0,0,1,32,3.1,,,lalormi01
353,Denny Lambert,27,OTT,LW,80,4,16,20,-4,217,0.3,4,0,0,1,16,0,0,58,6.9,,,lambede01
354,Darren Langdon,26,NYR,LW,60,3,6,9,-1,195,-0.6,3,0,0,1,6,0,0,24,12.5,,,langdda01
355,Jamie Langenbrunner,21,DAL,C,76,13,26,39,-2,51,2.6,10,3,0,3,20,6,0,112,11.6,,,langeja01
356,Daymond Langkow,20,TBL,C,79,15,13,28,1,35,2.2,11,3,1,1,10,3,0,170,8.8,,,langkda01
357,Ian Laperriere,23,LAK,C,62,8,15,23,-25,102,0.7,7,0,1,2,14,1,0,84,9.5,,,laperia01
358,Claude Lapointe,28,NYI,C,73,13,5,18,-12,49,0.7,10,0,3,3,5,0,0,80,16.3,,,lapoicl01
359,Martin Lapointe,23,DET,RW,78,16,17,33,-14,167,2.2,10,5,1,1,12,5,0,149,10.7,,,lapoima01
360,Igor Larionov*,36,DET,C,64,12,42,54,31,26,5.6,9,2,1,4,26,15,1,95,12.6,,,larioig01
361,Janne Laukkanen,26,OTT,D,76,3,18,21,-14,76,4.2,1,2,0,0,10,7,1,109,2.8,,,laukkja01
362,Paul Laus,26,FLA,D,77,0,12,12,13,313,4.9,0,0,0,0,10,1,1,63,0,,,lauspa01
363,Stephen Leach,31,STL,RW,17,2,1,3,-2,24,0,2,0,0,0,1,0,0,33,6.1,,,leachst01
364,Peter LeBoutillier,22,MDA,RW,23,1,0,1,0,121,-0.4,1,0,0,0,0,0,0,5,20,,,leboupe01
365,John LeClair,27,PHI,LW,82,50,47,97,44,58,13,40,10,0,5,41,6,0,324,15.4,,,leclajo01
366,Mike Leclerc,20,MDA,LW,5,1,1,2,2,0,0.2,1,0,0,1,1,0,0,3,33.3,,,leclemi01
367,Grant Ledyard,35,DAL,D,67,1,15,16,31,61,5.8,1,0,0,0,11,4,0,99,1,,,ledyagr01
368,Gary Leeman,32,STL,RW,2,0,1,1,0,0,0,0,0,0,0,0,1,0,3,0,,,leemaga01
369,Brian Leetch*,28,NYR,D,82,20,58,78,31,40,13.1,11,9,0,2,35,21,2,256,7.8,,,leetcbr01
370,Sylvain Lefebvre,29,COL,D,71,2,11,13,12,30,4.4,1,1,0,0,8,1,2,77,2.6,,,lefebsy01
371,Jere Lehtinen,23,DAL,RW,63,16,27,43,26,2,4.6,12,3,1,2,21,3,3,134,11.9,,,lehtije01
372,Claude Lemieux,31,COL,RW,45,11,17,28,-4,43,2.3,6,5,0,4,9,8,0,168,6.5,,,lemiecl01
373,Jocelyn Lemieux,29,PHX,RW,2,1,0,1,0,0,0.1,1,0,0,1,0,0,0,4,25,,,lemiejo01
374,Mario Lemieux*,31,PIT,C,76,50,72,122,27,65,14.5,32,15,3,7,47,22,3,327,15.3,,,lemiema01
375,Francois Leroux,26,PIT,D,59,0,3,3,-3,81,0.9,0,0,0,0,3,0,0,5,0,,,leroufr01
376,Jean-Yves Leroux,20,CHI,LW,1,0,1,1,1,5,0.1,0,0,0,0,1,0,0,0,,,,lerouje01
377,Curtis Leschyshyn,27,TOT,D,77,4,18,22,-18,38,3.7,2,1,1,1,13,5,0,102,3.9,,,leschcu01
377,Curtis Leschyshyn,27,HAR,D,64,4,13,17,-19,30,2.8,2,1,1,1,8,5,0,94,4.3,,,leschcu01
377,Curtis Leschyshyn,27,COL,D,11,0,5,5,1,6,0.9,0,0,0,0,5,0,0,8,0,,,leschcu01
377,Curtis Leschyshyn,27,WSH,D,2,0,0,0,0,2,0.1,0,0,0,0,0,0,0,0,,,,leschcu01
378,Doug Lidster,36,NYR,D,48,3,4,7,10,24,2.7,3,0,0,0,3,0,1,42,7.1,,,lidstdo01
379,Nicklas Lidström*,26,DET,D,79,15,42,57,11,30,10.4,7,8,0,1,19,22,1,214,7,,,lidstni01
380,Trevor Linden,26,VAN,C,49,9,31,40,5,27,3.3,5,2,2,2,24,6,1,84,10.7,,,lindetr01
381,Mats Lindgren,22,EDM,C,69,11,14,25,-7,12,1.4,6,2,3,1,13,1,0,71,15.5,,,lindgma01
382,Eric Lindros*,23,PHI,C,52,32,47,79,31,136,10,23,9,0,7,33,14,0,198,16.2,,,lindrer01
383,Bill Lindsay,25,FLA,LW,81,11,23,34,1,120,2.2,10,0,1,3,20,0,3,168,6.5,,,lindsbi01
384,David Ling,22,MTL,RW,2,0,0,0,0,0,-0.1,0,0,0,0,0,0,0,0,,,,lingda01
385,Chris Lipuma,25,SJS,D,8,0,0,0,-2,22,0.1,0,0,0,0,0,0,0,4,0,,,lipumch01
386,Kevin Lowe*,37,EDM,D,64,1,13,14,-1,50,3,1,0,0,0,11,1,1,46,2.2,,,loweke01
387,Dave Lowry,31,FLA,LW,77,15,14,29,2,51,2.2,13,2,0,2,11,3,0,96,15.6,,,lowryda01
388,Craig Ludwig,35,DAL,D,77,2,11,13,17,62,5,2,0,0,1,10,0,1,59,3.4,,,ludwicr01
389,Jyrki Lumme,30,VAN,D,66,11,24,35,8,32,6,6,5,0,2,13,10,1,107,10.3,,,lummejy01
390,Al MacInnis*,33,STL,D,72,13,30,43,2,65,7.7,6,6,1,1,17,11,2,296,4.4,,,macinal01
391,Norm Maciver,32,PHX,D,32,4,9,13,-11,24,1.9,3,1,0,1,3,6,0,40,10,,,macivno01
392,John MacLean,32,NJD,RW,80,29,25,54,11,49,6.2,24,5,0,6,22,3,0,254,11.4,,,maclejo01
393,Jamie Macoun,35,TOR,D,73,1,10,11,-14,93,1.9,1,0,0,1,9,0,1,64,1.6,,,macouja01
394,Craig MacTavish,38,STL,C,50,2,5,7,-12,33,-0.9,2,0,0,0,5,0,0,26,7.7,,,mactacr01
395,Mark Major,26,DET,LW,2,0,0,0,0,5,0,0,0,0,0,0,0,0,0,,,,majorma01
396,Sergei Makarov*,38,DAL,RW,4,0,0,0,-2,0,-0.2,0,0,0,0,0,0,0,0,,,,makarse01
397,Vladimir Malakhov,28,MTL,D,65,10,20,30,3,43,5,5,5,0,1,10,9,1,177,5.6,,,malakvl01
398,Stewart Malgunas,26,WSH,D,6,0,0,0,2,2,0.4,0,0,0,0,0,0,0,3,0,,,malgust01
399,Marek Malík,21,HAR,D,47,1,5,6,5,50,2.6,1,0,0,1,5,0,0,33,3,,,malikma01
400,Dean Malkoc,27,BOS,D,33,0,0,0,-14,70,-0.2,0,0,0,0,0,0,0,7,0,,,malkode01
401,Troy Mallette,26,BOS,LW,68,6,8,14,-8,155,-0.1,6,0,0,2,8,0,0,61,9.8,,,malletr01
402,Kirk Maltby,24,DET,LW,66,3,5,8,3,75,-0.5,3,0,0,0,4,0,1,62,4.8,,,maltbki01
403,Kent Manderville,25,HAR,C,44,6,5,11,3,18,0.7,6,0,0,1,4,0,1,51,11.8,,,mandeke01
404,Dave Manson,30,TOT,D,75,4,18,22,-26,187,3,2,2,0,0,9,8,1,175,2.3,,,mansoda01
404,Dave Manson,30,PHX,D,66,3,17,20,-25,164,2.6,1,2,0,0,9,7,1,153,2,,,mansoda01
404,Dave Manson,30,MTL,D,9,1,1,2,-1,23,0.4,1,0,0,0,0,1,0,22,4.5,,,mansoda01
405,Todd Marchant,23,EDM,LW,79,14,19,33,11,44,2.8,10,0,4,3,16,3,0,202,6.9,,,marchto01
406,Bryan Marchment,27,EDM,D,71,3,13,16,13,132,4.6,2,1,0,0,12,0,1,89,3.4,,,marchbr02
407,Josef Marha,20,COL,C,6,0,1,1,0,0,-0.1,0,0,0,0,1,0,0,6,0,,,marhajo01
408,Chris Marinucci,25,LAK,C,1,0,0,0,-2,0,-0.1,0,0,0,0,0,0,0,1,0,,,marinch01
409,Grant Marshall,23,DAL,RW,56,6,4,10,5,98,0.1,6,0,0,0,4,0,0,62,9.7,,,marshgr01
410,Jason Marshall,25,MDA,D,73,1,9,10,6,140,3.2,1,0,0,0,8,1,0,34,2.9,,,marshja02
411,Craig Martin,26,FLA,RW,1,0,0,0,0,5,0,0,0,0,0,0,0,0,1,0,,,marticr01
412,Matt Martin,25,TOR,D,36,0,4,4,-12,38,0.4,0,0,0,0,4,0,0,30,0,,,martima01
413,Steve Martins,24,HAR,C,2,0,1,1,0,0,0,0,0,0,0,1,0,0,2,0,,,martist02
414,Christian Matte,22,COL,RW,5,1,1,2,1,0,0.2,1,0,0,0,1,0,0,6,16.7,,,mattech01
415,Stephane Matteau,27,STL,LW,74,16,20,36,11,50,3.4,13,1,2,2,19,0,1,98,16.3,,,mattest01
416,Richard Matvichuk,23,DAL,D,57,5,7,12,1,87,3.4,3,0,2,0,6,1,0,83,6,,,matviri01
417,Brad May,25,BUF,LW,42,3,4,7,-8,106,-0.6,2,1,0,1,2,2,0,75,4,,,maybr01
418,Jamal Mayers,22,STL,C,6,0,1,1,-3,2,-0.2,0,0,0,0,0,1,0,7,0,,,mayerja01
419,Chris McAlpine,25,STL,D,15,0,0,0,-2,24,0.3,0,0,0,0,0,0,0,3,0,,,mcalpch01
420,Dean McAmmond,23,EDM,LW,57,12,17,29,-15,28,1.9,8,4,0,6,12,5,0,106,11.3,,,mcammde01
421,Jason McBain,22,HAR,D,6,0,0,0,-4,0,-0.1,0,0,0,0,0,0,0,1,0,,,mcbaija01
422,Bryan McCabe,21,NYI,D,82,8,20,28,-2,165,5.4,5,2,1,2,16,4,0,117,6.8,,,mccabbr01
423,Sandy McCarthy,24,CGY,RW,33,3,5,8,-8,113,0,2,1,0,1,5,0,0,38,7.9,,,mccarsa01
424,Darren McCarty,24,DET,RW,68,19,30,49,14,126,5.1,14,5,0,6,19,11,0,171,11.1,,,mccarda02
425,Trent McCleary,24,BOS,C,59,3,5,8,-16,33,-1,3,0,0,1,4,0,1,41,7.3,,,mccletr01
426,Brad McCrimmon,37,PHX,D,37,1,5,6,2,18,2,1,0,0,0,4,0,1,28,3.6,,,mccribr01
427,Shawn McEachern,27,OTT,LW,65,11,20,31,-5,18,2.3,10,0,1,2,16,3,1,150,7.3,,,mceacsh01
428,Dan McGillis,24,EDM,D,73,6,16,22,2,52,4.7,3,2,1,2,11,5,0,139,4.3,,,mcgilda01
429,Marty McInnis,26,TOT,C,80,23,26,49,-8,22,4.6,17,5,1,4,17,7,2,182,12.6,,,mcinnma01
429,Marty McInnis,26,NYI,C,70,20,22,42,-7,20,4,15,4,1,4,14,6,2,163,12.3,,,mcinnma01
429,Marty McInnis,26,CGY,C,10,3,4,7,-1,2,0.7,2,1,0,0,3,1,0,19,15.8,,,mcinnma01
430,Randy McKay,30,NJD,RW,77,9,18,27,15,109,2,9,0,0,2,16,2,0,92,9.8,,,mckayra02
431,Jay McKee,19,BUF,D,43,1,9,10,3,35,2.3,1,0,0,0,6,3,0,29,3.4,,,mckeeja01
432,Steve McKenna,23,LAK,LW,9,0,0,0,1,37,-0.2,0,0,0,0,0,0,0,6,0,,,mckenst01
433,Jim McKenzie,27,PHX,LW,65,5,3,8,-5,200,-0.5,5,0,0,1,3,0,0,38,13.2,,,mckenji02
434,Kyle McLaren,19,BOS,D,58,5,9,14,-9,54,2.5,5,0,0,1,8,0,1,68,7.4,,,mclarky01
435,Dave McLlwain,30,NYI,C,4,1,1,2,-2,0,0.1,0,1,0,0,1,0,0,3,33.3,,,mcllwda01
436,Basil McRae,36,CHI,LW,8,0,0,0,-2,12,-0.3,0,0,0,0,0,0,0,1,0,,,mcraeba01
437,Marty McSorley,33,SJS,D,57,4,12,16,-6,186,3.3,3,0,1,1,11,1,0,74,5.4,,,mcsorma01
438,Dale McTavish,24,CGY,C,9,1,2,3,-4,2,0,1,0,0,0,2,0,0,14,7.1,,,mctavda01
439,Scott Mellanby,30,FLA,RW,82,27,29,56,7,170,5.9,17,9,1,4,23,6,0,221,12.2,,,mellasc01
440,Eric Messier,23,COL,D,21,0,0,0,7,4,1.1,0,0,0,0,0,0,0,11,0,,,messier01
441,Mark Messier*,36,NYR,C,71,36,48,84,12,88,9.6,24,7,5,9,31,11,6,227,15.9,,,messima01
442,Craig Millar,20,EDM,D,1,0,0,0,0,2,0,0,0,0,0,0,0,0,1,0,,,millacr01
443,Corey Millen,32,CGY,C,61,11,15,26,-19,32,1.5,10,1,0,0,9,6,0,82,13.4,,,milleco01
444,Aaron Miller,25,COL,D,56,5,12,17,15,15,4.8,5,0,0,3,11,1,0,47,10.6,,,milleaa01
445,Kelly Miller,33,WSH,RW,77,10,14,24,4,33,1.6,9,0,1,3,13,0,1,95,10.5,,,milleke01
446,Kevin Miller,31,CHI,RW,69,14,17,31,-10,41,2,8,5,1,2,13,4,0,139,10.1,,,milleke02
447,Boris Mironov,24,EDM,D,55,6,26,32,2,85,5.2,4,2,0,1,10,16,0,147,4.1,,,mironbo01
448,Dmitri Mironov,31,TOT,D,77,13,39,52,16,101,8.8,9,3,1,2,18,21,0,177,7.3,,,mirondm01
448,Dmitri Mironov,31,MDA,D,62,12,34,46,20,77,8.3,8,3,1,1,15,19,0,158,7.6,,,mirondm01
448,Dmitri Mironov,31,PIT,D,15,1,5,6,-4,24,0.6,1,0,0,1,3,2,0,19,5.3,,,mirondm01
449,Mike Modano*,26,DAL,C,80,35,48,83,43,42,10.2,21,9,5,9,38,8,2,291,12,,,modanmi01
450,Fredrik Modin,22,TOR,RW,76,6,7,13,-14,24,-0.6,6,0,0,0,7,0,0,85,7.1,,,modinfr01
451,Jaroslav Modrý,25,LAK,D,30,3,3,6,-13,25,0.9,1,1,1,0,3,0,0,32,9.4,,,modryja01
452,Sandy Moger,27,BOS,RW,34,10,3,13,-12,45,0.9,7,3,0,0,3,0,0,54,18.5,,,mogersa01
453,Alexander Mogilny,27,VAN,LW,76,31,42,73,9,18,7.8,23,7,1,4,32,9,1,174,17.8,,,mogilal01
454,Sergio Momesso,31,TOT,LW,40,1,3,4,-6,48,-0.8,1,0,0,0,3,0,0,43,2.3,,,momesse01
454,Sergio Momesso,31,STL,LW,31,1,3,4,-4,37,-0.5,1,0,0,0,3,0,0,32,3.1,,,momesse01
454,Sergio Momesso,31,NYR,LW,9,0,0,0,-2,11,-0.3,0,0,0,0,0,0,0,11,0,,,momesse01
455,Barrie Moore,21,TOT,LW,35,2,6,8,1,18,0,1,1,0,0,6,0,0,43,4.7,,,mooreba01
455,Barrie Moore,21,BUF,LW,31,2,6,8,1,18,0.1,1,1,0,0,6,0,0,42,4.8,,,mooreba01
455,Barrie Moore,21,EDM,LW,4,0,0,0,0,0,-0.1,0,0,0,0,0,0,0,1,0,,,mooreba01
456,Ian Moran,24,PIT,D,36,4,5,9,-11,22,0.9,4,0,0,0,3,2,0,50,8,,,morania01
457,Jay More,28,TOT,D,37,1,7,8,10,62,2.6,1,0,0,1,6,0,1,28,3.6,,,moreja01
457,Jay More,28,PHX,D,23,1,6,7,10,37,2.2,1,0,0,1,5,0,1,18,5.6,,,moreja01
457,Jay More,28,NYR,D,14,0,1,1,0,25,0.4,0,0,0,0,1,0,0,10,0,,,moreja01
458,Ethan Moreau,21,CHI,LW,82,15,16,31,13,123,2.6,15,0,0,1,16,0,0,114,13.2,,,moreaet01
459,Jason Morgan,20,LAK,C,3,0,0,0,-3,0,-0.2,0,0,0,0,0,0,0,4,0,,,morgaja01
460,Joe Mullen*,39,PIT,RW,54,7,15,22,0,4,1.1,6,1,0,1,11,4,0,63,11.1,,,mullejo01
461,Kirk Muller,30,TOT,C,76,21,19,40,-25,89,3,10,10,1,4,14,5,0,174,12.1,,,mulleki01
461,Kirk Muller,30,TOR,C,66,20,17,37,-23,85,2.9,10,9,1,3,13,4,0,153,13.1,,,mulleki01
461,Kirk Muller,30,FLA,C,10,1,2,3,-2,4,0.1,0,1,0,1,1,1,0,21,4.8,,,mulleki01
462,Craig Muni,34,PIT,D,64,0,4,4,-6,36,0.8,0,0,0,0,3,0,1,19,0,,,municr01
463,Gord Murphy,29,FLA,D,80,8,15,23,3,51,6.1,6,2,0,0,9,4,2,137,5.8,,,murphgo01
464,Joe Murphy,29,STL,RW,75,20,25,45,-1,69,4.2,15,4,1,2,17,7,1,151,13.2,,,murphjo01
465,Larry Murphy*,35,TOT,D,81,9,36,45,3,20,7.4,4,5,0,1,18,18,0,158,5.7,,,murphla01
465,Larry Murphy*,35,TOR,D,69,7,32,39,1,20,6.1,3,4,0,0,16,16,0,137,5.1,,,murphla01
465,Larry Murphy*,35,DET,D,12,2,4,6,2,0,1.3,1,1,0,1,2,2,0,21,9.5,,,murphla01
466,Chris Murray,22,TOT,RW,64,5,3,8,-7,124,-0.8,5,0,0,0,3,0,0,41,12.2,,,murrach01
466,Chris Murray,22,MTL,RW,56,4,2,6,-8,114,-0.9,4,0,0,0,2,0,0,32,12.5,,,murrach01
466,Chris Murray,22,HAR,RW,8,1,1,2,1,10,0.1,1,0,0,0,1,0,0,9,11.1,,,murrach01
467,Glen Murray,24,TOT,RW,77,16,14,30,-21,32,1.4,13,3,0,1,12,2,0,153,10.5,,,murragl01
467,Glen Murray,24,PIT,RW,66,11,11,22,-19,24,0.4,8,3,0,1,10,1,0,127,8.7,,,murragl01
467,Glen Murray,24,LAK,RW,11,5,3,8,-2,8,0.9,5,0,0,0,2,1,0,26,19.2,,,murragl01
468,Marty Murray,21,CGY,C,2,0,0,0,0,4,0,0,0,0,0,0,0,0,2,0,,,murrama01
469,Rem Murray,24,EDM,C,82,11,20,31,9,16,2.2,10,1,0,2,16,3,1,85,12.9,,,murrare01
470,Dana Murzyn,30,VAN,D,61,1,7,8,7,118,2.4,1,0,0,0,7,0,0,70,1.4,,,murzyda01
471,Frantisek Musil,32,OTT,D,57,0,5,5,6,58,3.1,0,0,0,0,5,0,0,24,0,,,musilfr01
472,Brantt Myhres,22,TBL,RW,47,3,1,4,1,136,-0.4,3,0,0,1,1,0,0,13,23.1,,,myhrebr01
473,Anders Myrvold,21,BOS,D,9,0,2,2,-1,4,0.3,0,0,0,0,1,1,0,8,0,,,myrvoan01
474,Evgeny Namestnikov,25,VAN,D,2,0,0,0,-1,4,0,0,0,0,0,0,0,0,1,0,,,namesjo01
475,Markus Näslund,23,VAN,LW,78,21,20,41,-15,30,3,17,4,0,4,15,5,0,120,17.5,,,nasluma02
476,Andrei Nazarov,22,SJS,LW,60,12,15,27,-4,222,2.2,11,1,0,1,13,2,0,116,10.3,,,nazaran01
477,Rumun Ndur,21,BUF,D,2,0,0,0,1,2,0.1,0,0,0,0,0,0,0,0,,,,ndurru01
478,Stan Neckar,21,OTT,D,5,0,0,0,2,2,0.3,0,0,0,0,0,0,0,3,0,,,neckast01
479,Petr Nedved,25,PIT,C,74,33,38,71,-2,66,7.3,18,12,3,4,24,14,0,189,17.5,,,nedvepe01
480,Zdenek Nedved,21,TOR,RW,23,3,5,8,4,6,0.6,2,1,0,0,4,1,0,22,13.6,,,nedvezd01
481,Sergei Nemchinov,33,TOT,C,69,8,16,24,9,16,1.3,7,1,0,2,15,1,0,97,8.2,,,nemchse01
481,Sergei Nemchinov,33,NYR,C,63,6,13,19,5,12,0.7,5,1,0,1,12,1,0,90,6.7,,,nemchse01
481,Sergei Nemchinov,33,VAN,C,6,2,3,5,4,4,0.6,2,0,0,1,3,0,0,7,28.6,,,nemchse01
482,David Nemirovsky,20,FLA,RW,39,7,7,14,1,32,1,6,1,0,0,6,1,0,53,13.2,,,nemirda01
483,Bernie Nicholls,35,SJS,C,65,12,33,45,-21,63,3.2,9,2,1,0,18,12,3,137,8.8,,,nichobe01
484,Barry Nieckar,29,MDA,LW,2,0,0,0,0,5,-0.1,0,0,0,0,0,0,0,0,,,,nieckba01
485,Rob Niedermayer,22,FLA,C,60,14,24,38,4,54,3.5,11,3,0,2,16,7,1,136,10.3,,,niedero01
486,Scott Niedermayer*,23,NJD,D,81,5,30,35,-4,64,6.9,2,3,0,3,15,15,0,159,3.1,,,niedesc01
487,Jeff Nielsen,25,NYR,RW,2,0,0,0,-1,2,-0.1,0,0,0,0,0,0,0,1,0,,,nielsje01
488,Joe Nieuwendyk*,30,DAL,C,66,30,21,51,-5,32,5.5,22,8,0,2,11,10,0,173,17.3,,,nieuwjo01
489,Janne Niinimaa,21,PHI,D,77,4,40,44,12,58,7.3,3,1,0,2,17,23,0,141,2.8,,,niinija01
490,Andrei Nikolishin,23,TOT,LW,71,9,19,28,3,32,2,8,1,0,0,14,5,0,98,9.2,,,nikolan01
490,Andrei Nikolishin,23,WSH,LW,59,7,14,21,5,30,1.5,6,1,0,0,11,3,0,73,9.6,,,nikolan01
490,Andrei Nikolishin,23,HAR,LW,12,2,5,7,-2,2,0.5,2,0,0,0,3,2,0,25,8,,,nikolan01
491,Owen Nolan,24,SJS,RW,72,31,32,63,-19,155,6.7,21,10,0,3,22,10,0,225,13.8,,,nolanow01
492,Brian Noonan,31,TOT,RW,73,12,22,34,-3,34,2.1,8,3,1,1,16,5,1,100,12,,,noonabr01
492,Brian Noonan,31,NYR,RW,44,6,9,15,-7,28,0.5,3,3,0,1,6,3,0,62,9.7,,,noonabr01
492,Brian Noonan,31,VAN,RW,16,4,8,12,2,6,1.1,3,0,1,0,5,2,1,25,16,,,noonabr01
492,Brian Noonan,31,STL,RW,13,2,5,7,2,0,0.6,2,0,0,0,5,0,0,13,15.4,,,noonabr01
493,Mattias Norström,25,LAK,D,80,1,21,22,-4,84,4.5,1,0,0,0,15,5,1,106,0.9,,,norstma01
494,Jeff Norton,31,TOT,D,75,2,16,18,-7,58,3.5,2,0,0,0,9,6,1,81,2.5,,,nortoje01
494,Jeff Norton,31,EDM,D,62,2,11,13,-7,42,2.6,2,0,0,0,7,4,0,68,2.9,,,nortoje01
494,Jeff Norton,31,TBL,D,13,0,5,5,0,16,0.9,0,0,0,0,2,2,1,13,0,,,nortoje01
495,Teppo Numminen,28,PHX,D,82,2,25,27,-3,28,5.3,2,0,0,0,16,9,0,135,1.5,,,nummite01
496,Kai Nurminen,27,LAK,RW,67,16,11,27,-3,22,2.5,12,4,0,1,7,4,0,112,14.3,,,nurmika01
497,Sean O'Donnell,25,LAK,D,55,5,12,17,-13,144,2.9,3,2,0,0,7,4,1,68,7.4,,,odonnse01
498,Jeff O'Neill,20,HAR,C,72,14,16,30,-24,40,1.7,11,2,1,2,12,4,0,101,13.9,,,oneilje01
499,Chris O'Sullivan,22,CGY,D,27,2,8,10,0,2,2.2,1,1,0,1,2,6,0,41,4.9,,,osullch01
500,Adam Oates*,34,TOT,C,80,22,60,82,-5,14,7.6,17,3,2,5,40,16,4,160,13.8,,,oatesad01
500,Adam Oates*,34,BOS,C,63,18,52,70,-3,10,6.5,14,2,2,4,32,16,4,138,13,,,oatesad01
500,Adam Oates*,34,WSH,C,17,4,8,12,-2,4,1.1,3,1,0,1,8,0,0,22,18.2,,,oatesad01
501,Lyle Odelein,28,NJD,D,79,3,13,16,16,110,6.3,2,1,0,2,9,4,0,93,3.2,,,odelely01
502,Jeff Odgers,27,BOS,RW,80,7,8,15,-15,197,-0.5,6,1,0,1,7,1,0,84,8.3,,,odgerje01
503,Gino Odjick,26,VAN,RW,70,5,8,13,-5,371,-0.5,4,1,0,0,8,0,0,85,5.9,,,odjicgi01
504,Roman Oksiuta,26,TOT,RW,35,6,7,13,-16,26,0.2,4,2,0,0,7,0,0,58,10.3,,,oksiuro01
504,Roman Oksiuta,26,MDA,RW,28,6,7,13,-12,22,0.6,4,2,0,0,7,0,0,48,12.5,,,oksiuro01
504,Roman Oksiuta,26,PIT,RW,7,0,0,0,-4,4,-0.3,0,0,0,0,0,0,0,10,0,,,oksiuro01
505,Fredrik Olausson,30,TOT,D,71,9,29,38,16,32,6.6,6,3,0,3,16,13,0,110,8.2,,,olausfr01
505,Fredrik Olausson,30,PIT,D,51,7,20,27,21,24,5.3,5,2,0,3,11,9,0,75,9.3,,,olausfr01
505,Fredrik Olausson,30,MDA,D,20,2,9,11,-5,8,1.3,1,1,0,0,5,4,0,35,5.7,,,olausfr01
506,Ed Olczyk,30,TOT,RW,79,25,30,55,-14,51,5.2,19,5,1,5,17,13,0,195,12.8,,,olczyed01
506,Ed Olczyk,30,LAK,RW,67,21,23,44,-22,45,3.9,15,5,1,5,12,11,0,166,12.7,,,olczyed01
506,Ed Olczyk,30,PIT,RW,12,4,7,11,8,6,1.3,4,0,0,0,5,2,0,29,13.8,,,olczyed01
507,David Oliver,25,TOT,RW,31,3,3,6,-5,8,-0.2,3,0,0,0,2,1,0,35,8.6,,,oliveda01
507,David Oliver,25,EDM,RW,17,1,2,3,-8,4,-0.3,1,0,0,0,1,1,0,22,4.5,,,oliveda01
507,David Oliver,25,NYR,RW,14,2,1,3,3,4,0.2,2,0,0,0,1,0,0,13,15.4,,,oliveda01
508,Krzysztof Oliwa,23,NJD,LW,1,0,0,0,-1,5,-0.1,0,0,0,0,0,0,0,0,,,,oliwakr01
509,Christer Olsson,26,TOT,D,30,2,4,6,-4,10,1.6,1,1,0,0,2,2,0,26,7.7,,,olssoch01
509,Christer Olsson,26,OTT,D,25,2,3,5,-5,10,1.3,1,1,0,0,1,2,0,24,8.3,,,olssoch01
509,Christer Olsson,26,STL,D,5,0,1,1,1,0,0.3,0,0,0,0,1,0,0,2,0,,,olssoch01
510,Joel Otto,35,PHI,C,78,13,19,32,12,99,2.4,12,0,1,2,17,0,2,105,12.4,,,ottojo01
511,Sandis Ozolinsh,24,COL,D,80,23,45,68,4,88,11.1,10,13,0,4,15,29,1,232,9.9,,,ozolisa01
512,Ziggy Pálffy,24,NYI,RW,80,48,42,90,21,43,12,38,6,4,6,25,15,2,292,16.4,,,palffzi01
513,Jay Pandolfo,22,NJD,LW,46,6,8,14,-1,6,0.7,6,0,0,1,8,0,0,61,9.8,,,pandoja01
514,Richard Park,20,TOT,C,12,1,1,2,-1,10,-0.1,1,0,0,0,1,0,0,10,10,,,parkri01
514,Richard Park,20,MDA,C,11,1,1,2,0,10,0,1,0,0,0,1,0,0,9,11.1,,,parkri01
514,Richard Park,20,PIT,C,1,0,0,0,-1,0,-0.1,0,0,0,0,0,0,0,1,0,,,parkri01
515,James Patrick,33,CGY,D,19,3,1,4,2,6,1.5,2,1,0,0,0,0,1,22,13.6,,,patrija01
516,Ed Patterson,24,PIT,RW,6,0,0,0,0,8,-0.2,0,0,0,0,0,0,0,2,0,,,patteed01
517,Davis Payne,26,BOS,LW,15,0,1,1,-4,7,-0.4,0,0,0,0,0,1,0,8,0,,,payneda01
518,Pat Peake,23,WSH,C,4,0,0,0,1,4,-0.1,0,0,0,0,0,0,0,9,0,,,peakepa01
519,Rob Pearson,25,STL,RW,18,1,2,3,-5,37,-0.3,1,0,0,0,1,1,0,14,7.1,,,pearsro01
520,Scott Pearson,27,TOR,LW,1,0,0,0,0,2,0,0,0,0,0,0,0,0,0,,,,pearssc01
521,Michael Peca,22,BUF,C,79,20,29,49,26,80,5.1,9,5,6,4,22,4,3,137,14.6,,,pecami01
522,Denis Pederson,21,NJD,C,70,12,20,32,7,62,2.6,9,3,0,3,19,1,0,106,11.3,,,pederde01
523,Tom Pederson,27,TOR,D,15,1,2,3,0,9,0.7,0,1,0,0,1,1,0,23,4.3,,,pederto01
524,Scott Pellerin,27,STL,LW,54,8,10,18,12,35,1.5,6,0,2,2,10,0,0,76,10.5,,,pellesc01
525,Ville Peltonen,23,SJS,LW,28,2,3,5,-8,0,-0.3,1,1,0,0,3,0,0,35,5.7,,,peltovi01
526,Mike Peluso,31,TOT,RW,64,2,5,7,0,226,-0.8,2,0,0,0,5,0,0,37,5.4,,,pelusmi01
526,Mike Peluso,31,STL,RW,44,2,3,5,0,158,-0.5,2,0,0,0,3,0,0,23,8.7,,,pelusmi01
526,Mike Peluso,31,NJD,RW,20,0,2,2,0,68,-0.3,0,0,0,0,2,0,0,14,0,,,pelusmi01
527,Yanic Perreault,25,LAK,C,41,11,14,25,0,20,2.5,9,1,1,0,10,3,1,98,11.2,,,perreya01
528,Ricard Persson,27,TOT,D,54,4,8,12,-2,45,3.1,3,1,0,0,7,1,0,70,5.7,,,perssri01
528,Ricard Persson,27,STL,D,53,4,8,12,-2,45,3,3,1,0,0,7,1,0,68,5.9,,,perssri01
528,Ricard Persson,27,NJD,D,1,0,0,0,0,0,0,0,0,0,0,0,0,0,2,0,,,perssri01
529,Brent Peterson,24,TBL,LW,17,2,0,2,-4,4,-0.2,2,0,0,0,0,0,0,11,18.2,,,peterbr02
530,Michel Petit,32,TOT,D,38,2,7,9,-11,71,1.3,2,0,0,0,5,2,0,43,4.7,,,petitmi01
530,Michel Petit,32,PHI,D,20,0,3,3,2,51,0.9,0,0,0,0,3,0,0,13,0,,,petitmi01
530,Michel Petit,32,EDM,D,18,2,4,6,-13,20,0.3,2,0,0,0,2,2,0,30,6.7,,,petitmi01
531,Robert Petrovicky,23,STL,C,44,7,12,19,2,10,1.4,7,0,0,1,11,1,0,54,13,,,petroro01
532,Rich Pilon,28,NYI,D,52,1,4,5,4,179,2.2,1,0,0,0,4,0,0,17,5.9,,,pilonri01
533,Lance Pitlick,29,OTT,D,66,5,5,10,2,91,4.1,5,0,0,1,5,0,0,54,9.3,,,pitlila01
534,Domenic Pittis,22,PIT,C,1,0,0,0,-1,0,-0.1,0,0,0,0,0,0,0,0,,,,pittido01
535,Michal Pivonka,31,WSH,C,54,7,16,23,-15,22,1.1,5,2,0,1,10,4,2,83,8.4,,,pivonmi01
536,Dan Plante,25,NYI,RW,67,4,9,13,-6,75,-0.3,2,0,2,0,9,0,0,61,6.6,,,plantda01
537,Derek Plante,26,BUF,C,82,27,26,53,14,24,5.6,22,5,0,6,20,5,1,191,14.1,,,plantde01
538,Adrien Plavsic,27,MDA,D,6,0,0,0,-5,2,-0.2,0,0,0,0,0,0,0,3,0,,,plavsad01
539,Shjon Podein,28,PHI,LW,82,14,18,32,7,41,2.2,14,0,0,4,16,1,1,153,9.2,,,podeish01
540,Jason Podollan,20,TOT,C,29,1,4,5,-5,10,-0.3,0,1,0,0,4,0,0,30,3.3,,,podolja01
540,Jason Podollan,20,FLA,C,19,1,1,2,-3,4,-0.3,0,1,0,0,1,0,0,20,5,,,podolja01
540,Jason Podollan,20,TOR,C,10,0,3,3,-2,6,0,0,0,0,0,3,0,0,10,0,,,podolja01
541,Rudy Poeschek,30,TBL,RW,60,0,6,6,-3,120,-1,0,0,0,0,6,0,0,30,0,,,poescru01
542,Peter Popovic,28,MTL,D,78,1,13,14,9,32,3.3,1,0,0,0,12,0,1,82,1.2,,,popovpe01
543,Barry Potomski,24,LAK,LW,26,3,2,5,-8,93,-0.1,3,0,0,1,2,0,0,18,16.7,,,potomba01
544,Patrick Poulin,23,TBL,LW,73,12,14,26,-16,56,1.3,7,2,3,1,11,2,1,124,9.7,,,poulipa01
545,Nolan Pratt,21,HAR,D,9,0,2,2,0,6,0.5,0,0,0,0,2,0,0,4,0,,,prattno01
546,Keith Primeau,25,HAR,C,75,26,25,51,-3,161,5.5,17,6,3,2,19,4,2,169,15.4,,,primeke02
547,Wayne Primeau,20,BUF,C,45,2,4,6,-2,64,-0.6,1,1,0,0,4,0,0,25,8,,,primewa01
548,Bob Probert,31,CHI,LW,82,9,14,23,-3,326,0.7,8,1,0,3,14,0,0,111,8.1,,,probebo01
549,Mike Prokopec,22,CHI,RW,6,0,0,0,-1,6,-0.2,0,0,0,0,0,0,0,2,0,,,prokomi01
550,Chris Pronger*,22,STL,D,79,11,24,35,15,143,7.9,7,4,0,0,13,11,0,147,7.5,,,prongch01
551,Sean Pronger,24,MDA,C,39,7,7,14,6,20,1.1,6,1,0,1,6,1,0,43,16.3,,,prongse01
552,Vinny Prospal,21,PHI,C,18,5,10,15,3,4,1.5,5,0,0,0,4,6,0,35,14.3,,,prospva01
553,Jamie Pushor,23,DET,D,75,4,7,11,1,129,4.3,4,0,0,0,7,0,0,63,6.3,,,pushoja01
554,Dan Quinn,31,PIT,C,16,0,3,3,-6,10,-0.4,0,0,0,0,3,0,0,16,0,,,quinnda01
555,Deron Quint,20,PHX,D,27,3,11,14,-4,4,2.2,2,1,0,0,4,7,0,63,4.8,,,quintde01
556,Stephane Quintal,28,MTL,D,71,7,15,22,1,100,3.9,6,1,0,0,9,5,1,139,5,,,quintst01
557,Yves Racine,27,CGY,D,46,1,15,16,4,24,3.6,0,1,0,0,6,9,0,82,1.2,,,racinyv01
558,Marcus Ragnarsson,25,SJS,D,69,3,14,17,-18,63,2.8,1,2,0,0,10,4,0,57,5.3,,,ragnama01
559,Mike Ramsey,36,DET,D,2,0,0,0,0,0,0.1,0,0,0,0,0,0,0,3,0,,,ramsemi01
560,Paul Ranheim,31,HAR,LW,67,10,11,21,-13,18,1,7,0,3,1,9,1,1,96,10.4,,,ranhepa01
561,Mike Rathje,22,SJS,D,31,0,8,8,-1,21,1.7,0,0,0,0,7,1,0,22,0,,,rathjmi01
562,Rob Ray,28,BUF,LW,82,7,3,10,3,286,-0.7,7,0,0,1,3,0,0,45,15.6,,,rayro01
563,Mark Recchi*,28,MTL,RW,82,34,46,80,-1,58,8.1,25,7,2,3,32,13,1,202,16.8,,,recchma01
564,Wade Redden,19,OTT,D,82,6,24,30,1,41,6.7,4,2,0,1,15,8,1,102,5.9,,,reddewa01
565,Joe Reekie,31,WSH,D,65,1,8,9,8,107,4.1,1,0,0,0,7,0,1,65,1.5,,,reekijo01
566,Robert Reichel,25,TOT,C,82,21,41,62,5,26,6.2,14,6,1,3,27,14,0,214,9.8,,,reichro01
566,Robert Reichel,25,CGY,C,70,16,27,43,-2,22,4,10,6,0,3,16,11,0,181,8.8,,,reichro01
566,Robert Reichel,25,NYI,C,12,5,14,19,7,4,2.3,4,0,1,0,11,3,0,33,15.2,,,reichro01
567,Craig Reichert,22,MDA,RW,3,0,0,0,-2,0,-0.2,0,0,0,0,0,0,0,3,0,,,reichcr01
568,Dave Reid,32,DAL,LW,82,19,20,39,12,10,3.5,17,1,1,4,17,1,2,135,14.1,,,reidda02
569,Mikael Renberg,24,PHI,RW,77,22,37,59,36,65,6.6,21,1,0,4,29,8,0,249,8.8,,,renbemi01
570,Pascal Rheaume,23,NJD,C,2,1,0,1,1,0,0.2,1,0,0,0,0,0,0,5,20,,,rheaupa01
571,Mike Ricci,25,COL,C,63,13,19,32,-3,59,2.5,8,5,0,3,11,8,0,74,17.6,,,riccimi01
572,Steven Rice,25,HAR,RW,78,21,14,35,-11,59,3.2,16,5,0,2,11,3,0,159,13.2,,,ricest01
573,Luke Richardson,27,EDM,D,82,1,11,12,9,91,4,1,0,0,0,8,2,1,67,1.5,,,richalu01
574,Stephane Richer,30,MTL,RW,63,22,24,46,0,32,4.5,20,2,0,2,20,4,0,126,17.5,,,richest02
575,Barry Richter,26,BOS,D,50,5,13,18,-7,32,2.8,4,1,0,0,7,6,0,79,6.3,,,richtba01
576,Mike Ridley,33,VAN,C,75,20,32,52,0,42,4.5,17,3,0,5,24,8,0,79,25.3,,,ridlemi01
577,Jamie Rivers,21,STL,D,15,2,5,7,-4,6,1,1,1,0,0,3,2,0,9,22.2,,,riverja01
578,Craig Rivet,22,MTL,D,35,0,4,4,7,54,1.4,0,0,0,0,4,0,0,24,0,,,rivetcr01
579,David Roberts,26,VAN,LW,58,10,17,27,11,51,2.2,8,1,1,1,14,2,1,74,13.5,,,roberda01
580,Luc Robitaille*,30,NYR,LW,69,24,24,48,16,48,5.3,19,5,0,4,15,9,0,200,12,,,robitlu01
581,Randy Robitaille,21,BOS,C,1,0,0,0,0,0,0,0,0,0,0,0,0,0,0,,,,robitra01
582,Dave Roche,21,PIT,LW,61,5,5,10,-13,155,-0.9,3,2,0,0,4,1,0,53,9.4,,,rocheda02
583,Jeremy Roenick,27,PHX,RW,72,29,40,69,-7,115,7.2,16,10,3,7,26,11,3,228,12.7,,,roenije01
584,Leif Rohlin,28,VAN,D,40,2,8,10,4,8,2.1,2,0,0,0,6,1,1,37,5.4,,,rohlile01
585,Jon Rohloff,27,BOS,D,37,3,5,8,-14,31,0.9,2,1,0,0,2,3,0,69,4.3,,,rohlojo01
586,Brian Rolston,23,NJD,LW,81,18,27,45,6,20,4.1,14,2,2,3,20,7,0,237,7.6,,,rolstbr01
587,Ed Ronan,28,BUF,RW,18,1,4,5,4,11,0.2,1,0,0,0,4,0,0,10,10,,,ronaned01
588,Cliff Ronning,31,PHX,C,69,19,32,51,-9,26,4.6,11,8,0,2,17,15,0,171,11.1,,,ronnicl01
589,Bob Rouse,32,DET,D,70,4,9,13,8,58,4.8,2,0,2,0,8,0,1,70,5.7,,,rousebo01
590,Andre Roy,21,BOS,LW,10,0,2,2,-5,12,-0.2,0,0,0,0,2,0,0,12,0,,,royan01
591,Jean-Yves Roy,27,BOS,LW,52,10,15,25,-8,22,1.7,8,2,0,1,14,1,0,100,10,,,royje01
592,Steve Rucchin,25,MDA,C,79,19,48,67,26,24,6.7,12,6,1,2,36,10,2,153,12.4,,,rucchst01
593,Martin Rucinsky,25,MTL,LW,70,28,27,55,1,62,5.7,19,6,3,3,18,9,0,172,16.3,,,rucinma01
594,Darren Rumble,28,PHI,D,10,0,0,0,-2,0,0.1,0,0,0,0,0,0,0,9,0,,,rumblda01
595,Cam Russell,28,CHI,D,44,1,1,2,-8,65,1.2,1,0,0,0,1,0,0,19,5.3,,,russeca01
596,Terry Ryan,20,MTL,LW,3,0,0,0,0,0,-0.1,0,0,0,0,0,0,0,0,,,,ryante01
597,Warren Rychel,29,MDA,RW,70,10,7,17,6,218,0.8,8,1,1,1,7,0,0,59,16.9,,,rychewa01
598,Joe Sacco,27,MDA,RW,77,12,17,29,1,35,1.7,10,1,1,2,15,1,1,131,9.2,,,saccojo01
599,Joe Sakic*,27,COL,C,65,22,52,74,-10,34,6.9,10,10,2,5,25,26,1,261,8.4,,,sakicjo01
600,Ruslan Salei,22,MDA,D,30,0,1,1,-8,37,0.3,0,0,0,0,1,0,0,14,0,,,saleiru01
601,Kjell Samuelsson,38,PHI,D,34,4,3,7,17,47,3.1,4,0,0,0,3,0,0,36,11.1,,,samuekj01
602,Ulf Samuelsson,32,NYR,D,73,6,11,17,3,138,4,5,1,0,1,10,0,1,77,7.8,,,samueul01
603,Geoff Sanderson,24,HAR,LW,82,36,31,67,-9,29,7.7,23,12,1,4,20,11,0,297,12.1,,,sandege01
604,Tomas Sandström,32,TOT,RW,74,18,24,42,6,69,3.7,15,1,2,2,17,7,0,139,12.9,,,sandsto01
604,Tomas Sandström,32,PIT,RW,40,9,15,24,4,33,2,7,1,1,0,11,4,0,73,12.3,,,sandsto01
604,Tomas Sandström,32,DET,RW,34,9,9,18,2,36,1.7,8,0,1,2,6,3,0,66,13.6,,,sandsto01
605,Yves Sarault,24,COL,LW,28,2,1,3,0,6,-0.3,2,0,0,0,1,0,0,41,4.9,,,sarauyv01
606,Miroslav Satan,22,TOT,LW,76,25,13,38,-3,26,3.9,18,7,0,3,9,4,0,119,21,,,satanmi01
606,Miroslav Satan,22,EDM,LW,64,17,11,28,-4,22,2.5,12,5,0,2,7,4,0,90,18.9,,,satanmi01
606,Miroslav Satan,22,BUF,LW,12,8,2,10,1,4,1.4,6,2,0,1,2,0,0,29,27.6,,,satanmi01
607,Brian Savage,25,MTL,LW,81,23,37,60,-14,39,4.9,18,5,0,2,30,7,0,219,10.5,,,savagbr01
608,Denis Savard*,35,CHI,C,64,9,18,27,-10,60,1.3,7,2,0,2,12,6,0,82,11,,,savarde01
609,Kevin Sawyer,22,BOS,LW,2,0,0,0,0,0,-0.1,0,0,0,0,0,0,0,0,,,,sawyeke01
610,Mathieu Schneider,27,TOR,D,26,5,7,12,3,20,2.5,4,1,0,1,3,4,0,63,7.9,,,schnema01
611,Paxton Schulte,24,CGY,LW,1,0,0,0,1,2,0,0,0,0,0,0,0,0,1,0,,,schulpa01
612,Teemu Selänne*,26,MDA,RW,78,51,58,109,28,34,13.7,39,11,1,8,37,21,0,273,18.7,,,selante01
613,Alex Selivanov,25,TBL,RW,69,15,18,33,-3,61,2.8,12,3,0,4,13,5,0,187,8,,,selival01
614,Alexander Semak,30,VAN,C,18,2,1,3,-2,2,-0.1,1,1,0,0,1,0,0,12,16.7,,,semakal01
615,Anatoli Semenov,34,BUF,C,25,2,4,6,-3,2,-0.1,1,1,0,1,4,0,0,21,9.5,,,semenan01
616,Brent Severyn,30,COL,LW,66,1,4,5,-6,193,-1.3,1,0,0,0,4,0,0,55,1.8,,,severbr01
617,Pierre Sevigny,25,MTL,LW,13,0,0,0,0,5,-0.4,0,0,0,0,0,0,0,1,0,,,sevigpi01
618,Konstantin Shafranov,28,STL,RW,5,2,1,3,1,0,0.4,2,0,0,0,1,0,0,8,25,,,shafrko01
619,Yevgeny Shaldybin,21,BOS,D,3,1,0,1,-2,0,0.1,1,0,0,0,0,0,0,5,20,,,shaldye01
620,Brendan Shanahan*,28,TOT,LW,81,47,41,88,32,131,11.6,24,20,3,7,24,15,2,336,14,,,shanabr01
620,Brendan Shanahan*,28,DET,LW,79,46,41,87,31,131,11.5,24,20,2,7,24,15,2,323,14.2,,,shanabr01
620,Brendan Shanahan*,28,HAR,LW,2,1,0,1,1,0,0.2,0,0,1,0,0,0,0,13,7.7,,,shanabr01
621,Darrin Shannon,27,PHX,LW,82,11,13,24,4,41,1.4,10,1,0,2,12,1,0,104,10.6,,,shannda02
622,Darryl Shannon,28,BUF,D,82,4,19,23,23,112,6.2,3,1,0,1,16,2,1,94,4.3,,,shannda01
623,Jeff Shantz,23,CHI,C,69,9,21,30,11,28,2.2,8,0,1,1,18,2,1,86,10.5,,,shantje01
624,Vadim Sharifijanov,21,NJD,RW,2,0,0,0,0,0,0,0,0,0,0,0,0,0,4,0,,,shariva01
625,David Shaw,32,TBL,D,57,1,10,11,1,72,3.2,1,0,0,0,7,3,0,59,1.7,,,shawda01
626,Ray Sheppard,30,FLA,RW,68,29,31,60,4,4,6.7,16,13,0,7,22,9,0,226,12.8,,,sheppra01
627,Jeff Shevalier,22,LAK,LW,26,4,9,13,-6,6,0.8,3,1,0,0,5,3,1,42,9.5,,,shevaje01
628,Mike Sillinger,25,VAN,C,78,17,20,37,-3,25,2.7,11,3,3,2,18,1,1,112,15.2,,,sillimi01
629,Chris Simon,25,WSH,LW,42,9,13,22,-1,165,2,6,3,0,1,13,0,0,89,10.1,,,simonch01
630,Jason Simon,27,PHX,LW,1,0,0,0,-1,0,-0.1,0,0,0,0,0,0,0,0,,,,simonja01
631,Reid Simpson,27,NJD,LW,27,0,4,4,0,60,-0.3,0,0,0,0,4,0,0,17,0,,,simpsre01
632,Todd Simpson,23,CGY,D,82,1,13,14,-14,208,3.6,1,0,0,0,13,0,0,85,1.2,,,simpsto01
633,Brian Skrudland,33,FLA,C,51,5,13,18,4,48,1,5,0,0,2,13,0,0,57,8.8,,,skrudbr01
634,John Slaney,24,LAK,D,32,3,11,14,-10,4,1.9,2,1,0,1,8,3,0,60,5,,,slanejo01
635,Richard Smehlik,27,BUF,D,62,11,19,30,19,43,6.7,9,2,0,1,15,4,0,100,11,,,smehlri01
636,D.J. Smith,19,TOR,D,8,0,1,1,-5,7,-0.1,0,0,0,0,1,0,0,4,0,,,smithdj01
637,Geoff Smith,27,FLA,D,3,0,0,0,1,2,0.2,0,0,0,0,0,0,0,2,0,,,smithge01
638,Jason Smith,23,TOT,D,78,1,7,8,-12,54,2.9,1,0,0,0,7,0,0,74,1.4,,,smithja01
638,Jason Smith,23,NJD,D,57,1,2,3,-8,38,2.3,1,0,0,0,2,0,0,48,2.1,,,smithja01
638,Jason Smith,23,TOR,D,21,0,5,5,-4,16,0.7,0,0,0,0,5,0,0,26,0,,,smithja01
639,Steve Smith,33,CHI,D,21,0,0,0,4,29,1,0,0,0,0,0,0,0,7,0,,,smithst05
640,Bryan Smolinski,25,NYI,LW,64,28,28,56,9,25,6.8,19,9,0,1,19,9,0,183,15.3,,,smolibr01
641,Brad Smyth,23,TOT,RW,52,9,8,17,-10,76,0.9,9,0,0,1,6,2,0,84,10.7,,,smythbr01
641,Brad Smyth,23,LAK,RW,44,8,8,16,-7,74,1,8,0,0,1,6,2,0,74,10.8,,,smythbr01
641,Brad Smyth,23,FLA,RW,8,1,0,1,-3,2,-0.1,1,0,0,0,0,0,0,10,10,,,smythbr01
642,Greg Smyth,30,TOR,D,2,0,0,0,0,0,0,0,0,0,0,0,0,0,1,0,,,smythgr01
643,Ryan Smyth,20,EDM,LW,82,39,22,61,-7,76,7.2,19,20,0,4,18,4,0,265,14.7,,,smythry01
644,Steve Staios,23,TOT,D,63,3,14,17,-24,91,1.6,3,0,0,0,12,1,1,66,4.5,,,staiost01
644,Steve Staios,23,BOS,D,54,3,8,11,-26,71,0.7,3,0,0,0,6,1,1,56,5.4,,,staiost01
644,Steve Staios,23,VAN,D,9,0,6,6,2,20,0.9,0,0,0,0,6,0,0,10,0,,,staiost01
645,Mike Stapleton,30,PHX,C,55,4,11,15,-4,36,0.3,2,2,0,1,8,3,0,74,5.4,,,staplmi01
646,Ron Stern,30,CGY,RW,79,7,10,17,-4,157,0.4,6,0,1,1,9,0,1,98,7.1,,,sternro01
647,Kevin Stevens,31,LAK,LW,69,14,20,34,-27,96,2.1,10,4,0,1,18,2,0,175,8,,,steveke01
648,Scott Stevens*,32,NJD,D,79,5,19,24,26,70,7.9,5,0,0,1,13,6,0,166,3,,,stevesc01
649,Jeremy Stevenson,22,MDA,LW,5,0,0,0,-1,14,-0.2,0,0,0,0,0,0,0,1,0,,,steveje01
650,Turner Stevenson,24,MTL,RW,65,8,13,21,-14,97,0.3,7,1,0,0,12,1,0,76,10.5,,,stevetu01
651,Cam Stewart,25,BOS,LW,15,0,1,1,-2,4,-0.4,0,0,0,0,1,0,0,21,0,,,stewaca01
652,Cory Stillman,23,CGY,LW,58,6,20,26,-6,14,1.5,4,2,0,0,12,8,0,112,5.4,,,stillco01
653,Alek Stojanov,23,PIT,RW,35,1,4,5,3,79,-0.4,1,0,0,0,4,0,0,11,9.1,,,stojaal01
654,Martin Straka,24,FLA,C,55,7,22,29,9,12,2.3,5,2,0,1,17,5,0,94,7.4,,,strakma01
655,Jozef Stümpel,24,BOS,C,78,21,55,76,-22,14,6.3,15,6,0,1,37,18,0,168,12.5,,,stumpjo01
656,Mike Sullivan,28,CGY,RW,67,5,6,11,-11,10,-0.4,2,0,3,2,6,0,0,64,7.8,,,sullimi01
657,Steve Sullivan,22,TOT,C,54,13,25,38,14,37,3.9,10,3,0,3,19,5,1,108,12,,,sullist01
657,Steve Sullivan,22,NJD,C,33,8,14,22,9,14,2.3,6,2,0,2,11,3,0,63,12.7,,,sullist01
657,Steve Sullivan,22,TOR,C,21,5,11,16,5,23,1.6,4,1,0,1,8,2,1,45,11.1,,,sullist01
658,Mats Sundin*,25,TOR,C,82,41,53,94,6,59,11,30,7,4,8,37,13,3,281,14.6,,,sundima01
659,Niklas Sundström,21,NYR,RW,82,24,28,52,23,20,5.6,18,5,1,4,24,2,2,132,18.2,,,sundsni01
660,Gary Suter,32,CHI,D,82,7,21,28,-4,70,5.7,4,3,0,0,10,11,0,225,3.1,,,suterga01
661,Brent Sutter,34,CHI,C,39,7,7,14,10,18,1.3,7,0,0,1,7,0,0,62,11.3,,,suttebr02
662,Ron Sutter,33,SJS,C,78,5,7,12,-8,65,-0.5,2,1,2,1,5,0,2,78,6.4,,,suttero01
663,Robert Svehla,28,FLA,D,82,13,32,45,2,86,8.6,8,5,0,3,18,14,0,159,8.2,,,svehlro01
664,Jaroslav Svejkovsky,20,WSH,LW,19,7,3,10,-1,4,1.2,5,2,0,1,2,1,0,30,23.3,,,svejkja01
665,Petr Svoboda,30,PHI,D,67,2,12,14,10,94,3.9,1,1,0,0,11,1,0,36,5.6,,,svobope01
666,Don Sweeney,30,BOS,D,82,3,23,26,-5,39,4.2,3,0,0,0,19,3,1,113,2.7,,,sweendo01
667,Tim Sweeney,29,BOS,LW,36,10,11,21,0,14,2,8,2,0,2,7,3,1,65,15.4,,,sweenti01
668,Darryl Sydor,24,DAL,D,82,8,40,48,37,51,10.3,6,2,0,2,19,21,0,142,5.6,,,sydorda01
669,Michal Sykora,23,TOT,D,63,3,14,17,4,69,4.2,2,1,0,0,12,2,0,77,3.9,,,sykormi01
669,Michal Sykora,23,SJS,D,35,2,5,7,0,59,2,1,1,0,0,4,1,0,39,5.1,,,sykormi01
669,Michal Sykora,23,CHI,D,28,1,9,10,4,10,2.2,1,0,0,0,8,1,0,38,2.6,,,sykormi01
670,Petr Sykora,20,NJD,C,19,1,2,3,-8,4,-0.4,1,0,0,0,1,1,0,26,3.8,,,sykorpe01
671,Chris Tamer,26,PIT,D,45,2,4,6,-25,131,-0.4,1,0,1,0,4,0,0,56,3.6,,,tamerch01
672,Chris Tancill,28,SJS,LW,25,4,0,4,-5,8,0,3,1,0,0,0,0,0,20,20,,,tancich01
673,Chris Taylor,24,NYI,C,1,0,0,0,0,0,0,0,0,0,0,0,0,0,1,0,,,tayloch01
674,Tim Taylor,27,DET,C,44,3,4,7,-6,52,-0.3,2,0,1,0,3,1,0,44,6.8,,,tayloti01
675,Chris Therien,25,PHI,D,71,2,22,24,27,64,6.2,2,0,0,0,17,3,2,107,1.9,,,therich01
676,Steve Thomas,33,NJD,RW,57,15,19,34,9,46,3.5,14,1,0,2,17,2,0,124,12.1,,,thomast01
677,Brent Thompson,26,PHX,D,1,0,0,0,-1,7,0,0,0,0,0,0,0,0,0,,,,thompbr01
678,Scott Thornton,26,MTL,C,73,10,10,20,-19,128,0,8,1,1,1,9,1,0,110,9.1,,,thornsc01
679,Esa Tikkanen,32,TOT,C,76,13,17,30,-9,72,1.5,7,4,2,2,8,8,1,133,9.8,,,tikkaes01
679,Esa Tikkanen,32,VAN,C,62,12,15,27,-9,66,1.5,7,4,1,2,7,7,1,103,11.7,,,tikkaes01
679,Esa Tikkanen,32,NYR,C,14,1,2,3,0,6,0,0,0,1,0,1,1,0,30,3.3,,,tikkaes01
680,Mattias Timander,22,BOS,D,41,1,8,9,-9,14,1.2,1,0,0,0,5,3,0,62,1.6,,,timanma01
681,Mark Tinordi,30,WSH,D,56,2,6,8,3,118,3.4,2,0,0,0,5,0,1,53,3.8,,,tinorma01
682,German Titov,31,CGY,LW,79,22,30,52,-12,36,4.8,10,12,0,4,17,13,0,192,11.5,,,titovge01
683,Keith Tkachuk,24,PHX,LW,81,52,34,86,-1,228,10.9,41,9,2,7,24,10,0,296,17.6,,,tkachke01
684,Rick Tocchet,32,TOT,RW,53,21,19,40,-3,98,4.3,17,4,0,2,17,2,0,157,13.4,,,tocchri01
684,Rick Tocchet,32,BOS,RW,40,16,14,30,-3,67,3.2,13,3,0,1,12,2,0,120,13.3,,,tocchri01
684,Rick Tocchet,32,WSH,RW,13,5,5,10,0,31,1.1,4,1,0,1,5,0,0,37,13.5,,,tocchri01
685,Kevin Todd,28,MDA,C,65,9,21,30,-7,44,1.6,9,0,0,1,17,4,0,95,9.5,,,toddke01
686,Jeff Toms,22,TBL,LW,34,2,8,10,2,10,0.4,2,0,0,1,8,0,0,53,3.8,,,tomsje01
687,Shayne Toporowski,21,TOR,RW,3,0,0,0,0,7,-0.1,0,0,0,0,0,0,0,3,0,,,toporsh01
688,Dan Trebil,22,MDA,D,29,3,3,6,5,23,1.9,3,0,0,0,2,0,1,30,10,,,trebida01
689,Yannick Tremblay,21,TOR,D,5,0,0,0,-4,0,-0.2,0,0,0,0,0,0,0,2,0,,,trembya01
690,Nikolai Tsulygin,21,MDA,D,22,0,1,1,-5,8,0.3,0,0,0,0,1,0,0,10,0,,,tsulyni01
691,Vladimir Tsyplakov,27,LAK,LW,67,16,23,39,8,12,4,15,1,0,2,18,5,0,118,13.6,,,tsyplvl01
692,Darcy Tucker,21,MTL,C,73,7,13,20,-5,110,0.2,6,1,0,3,12,1,0,62,11.3,,,tuckeda01
693,Darren Turcotte,28,SJS,C,65,16,21,37,-8,16,3.3,12,3,1,4,13,8,0,126,12.7,,,turcoda01
694,Pierre Turgeon,27,TOT,C,78,26,59,85,8,14,8.7,21,5,0,7,37,22,0,216,12,,,turgepi01
694,Pierre Turgeon,27,STL,C,69,25,49,74,4,12,7.7,20,5,0,7,31,18,0,194,12.9,,,turgepi01
694,Pierre Turgeon,27,MTL,C,9,1,10,11,4,2,1,1,0,0,0,6,4,0,22,4.5,,,turgepi01
695,Oleg Tverdovsky,20,PHX,D,82,10,45,55,-5,30,8.5,6,3,1,2,18,27,0,144,6.9,,,tverdol01
696,Tony Twist,28,STL,LW,64,1,2,3,-8,121,-1.6,1,0,0,0,2,0,0,21,4.8,,,twistto01
697,Igor Ulanov,27,TBL,D,59,1,7,8,2,108,3,1,0,0,0,6,1,0,56,1.8,,,ulanoig01
698,Stefan Ustorf,23,WSH,LW,6,0,0,0,-3,2,-0.2,0,0,0,0,0,0,0,7,0,,,ustorst01
699,Nick Vachon,24,NYI,C,1,0,0,0,-1,0,-0.1,0,0,0,0,0,0,0,0,,,,vachoni01
700,Garry Valk,29,TOT,LW,70,10,11,21,-8,78,0.6,10,0,0,1,10,0,1,100,10,,,valkga01
700,Garry Valk,29,MDA,LW,53,7,7,14,-2,53,0.4,7,0,0,1,7,0,0,68,10.3,,,valkga01
700,Garry Valk,29,PIT,LW,17,3,4,7,-6,25,0.2,3,0,0,0,3,0,1,32,9.4,,,valkga01
701,Shaun Van Allen,29,OTT,C,80,11,14,25,-8,35,1.3,9,1,1,2,12,1,1,123,8.9,,,vanalsh01
702,Darren Van Impe,23,MDA,D,74,4,19,23,3,90,4.5,2,2,0,0,10,8,1,107,3.7,,,vanimda01
703,Ryan VandenBussche,23,NYR,RW,11,1,0,1,-2,30,-0.2,1,0,0,0,0,0,0,4,25,,,vandery01
704,Vaclav Varada,20,BUF,LW,5,0,0,0,0,2,-0.1,0,0,0,0,0,0,0,2,0,,,varadva01
705,Alexander Vasilevski,22,STL,RW,3,0,0,0,-1,2,-0.1,0,0,0,0,0,0,0,3,0,,,vasilal01
706,Andrei Vasilyev,24,NYI,LW,3,0,0,0,-3,2,-0.2,0,0,0,0,0,0,0,1,0,,,vasilan01
707,Dennis Vaske,29,NYI,D,17,0,4,4,3,12,1,0,0,0,0,4,0,0,19,0,,,vaskede01
708,Pat Verbeek,32,DAL,RW,81,17,36,53,3,128,4.3,12,5,0,4,27,9,0,172,9.9,,,verbepa01
709,Dennis Vial,27,OTT,LW,11,0,1,1,0,25,-0.2,0,0,0,0,1,0,0,4,0,,,vialde01
710,Phil Von Stefenelli,27,OTT,D,6,0,1,1,-3,7,0.1,0,0,0,0,0,1,0,2,0,,,vonstph01
711,Jan Vopat,23,LAK,D,33,4,5,9,3,22,2.5,4,0,0,1,4,1,0,44,9.1,,,vopatja01
712,Roman Vopat,20,LAK,C,29,4,5,9,-7,60,0.3,3,1,0,2,5,0,0,54,7.4,,,vopatro01
713,Vladimir Vorobiev,24,NYR,RW,16,5,5,10,4,6,1.1,3,2,0,0,4,1,0,42,11.9,,,vorobvl01
714,Mick Vukota,30,NYI,RW,17,1,0,1,-2,71,-0.3,1,0,0,0,0,0,0,7,14.3,,,vukotmi01
715,Scott Walker,23,VAN,RW,64,3,15,18,2,132,0.2,3,0,0,0,15,0,0,55,5.5,,,walkesc01
716,Aaron Ward,24,DET,D,49,2,5,7,-9,52,2,2,0,0,0,3,1,1,40,5,,,wardaa01
717,Dixon Ward,28,BUF,RW,79,13,32,45,17,36,3.8,10,1,2,4,27,3,2,93,14,,,warddi01
718,Ed Ward,27,CGY,LW,40,5,8,13,-3,49,0.7,5,0,0,1,8,0,0,33,15.2,,,warded01
719,Jeff Ware,19,TOR,D,13,0,0,0,2,6,0.4,0,0,0,0,0,0,0,4,0,,,wareje01
720,Rhett Warrener,21,FLA,D,62,4,9,13,20,88,5.3,3,1,0,1,7,2,0,58,6.9,,,warrerh01
721,Todd Warriner,23,TOR,LW,75,12,21,33,-3,41,2.3,8,2,2,0,16,5,0,146,8.2,,,warrito01
722,Steve Washburn,21,FLA,C,18,3,6,9,2,4,0.7,2,1,0,0,6,0,0,21,14.3,,,washbst01
723,Steve Webb,21,NYI,RW,41,1,4,5,-10,144,-0.8,0,1,0,0,3,1,0,21,4.8,,,webbst01
724,Doug Weight,26,EDM,C,80,21,61,82,1,80,7.8,17,4,0,2,26,35,0,235,8.9,,,weighdo01
725,Eric Weinrich,30,CHI,D,81,7,25,32,19,62,7.6,6,1,0,0,19,6,0,115,6.1,,,weinrer01
726,Chris Wells,21,FLA,C,47,2,6,8,5,42,-0.1,2,0,0,0,6,0,0,29,6.9,,,wellsch01
727,Jay Wells,37,TBL,D,21,0,0,0,-3,13,0.5,0,0,0,0,0,0,0,16,0,,,wellsja01
728,Glen Wesley,28,HAR,D,68,6,26,32,0,40,5.9,2,3,1,0,15,11,0,126,4.8,,,weslegl01
729,Ray Whitney,24,SJS,LW,12,0,2,2,-6,4,-0.3,0,0,0,0,2,0,0,24,0,,,whitnra01
730,Jason Widmer,23,SJS,D,2,0,1,1,1,0,0.2,0,0,0,0,1,0,0,0,,,,widmeja01
731,Jason Wiemer,20,TBL,LW,63,9,5,14,-13,134,0.2,7,2,0,0,4,0,1,103,8.7,,,wiemeja01
732,David Wilkie,22,MTL,D,61,6,9,15,-9,63,2.3,3,3,0,0,7,2,0,65,9.2,,,wilkida01
733,Neil Wilkinson,29,PIT,D,23,0,0,0,-12,36,-0.5,0,0,0,0,0,0,0,16,0,,,wilkine01
734,Landon Wilson,21,TOT,RW,49,8,12,20,-5,72,1.2,8,0,0,0,11,1,0,83,9.6,,,wilsola02
734,Landon Wilson,21,BOS,RW,40,7,10,17,-6,49,1,7,0,0,0,9,1,0,76,9.2,,,wilsola02
734,Landon Wilson,21,COL,RW,9,1,2,3,1,23,0.2,1,0,0,0,2,0,0,7,14.3,,,wilsola02
735,Mike Wilson,21,BUF,D,77,2,9,11,13,51,4.1,2,0,0,1,9,0,0,57,3.5,,,wilsomi02
736,Brian Wiseman,25,TOR,C,3,0,0,0,0,0,-0.1,0,0,0,0,0,0,0,1,0,,,wisembr01
737,Brendan Witt,21,WSH,D,44,3,2,5,-20,88,1.1,3,0,0,0,2,0,0,41,7.3,,,wittbr01
738,Craig Wolanin,29,TOT,D,38,0,4,4,-6,21,1,0,0,0,0,4,0,0,43,0,,,wolancr01
738,Craig Wolanin,29,TOR,D,23,0,4,4,3,13,1.1,0,0,0,0,4,0,0,31,0,,,wolancr01
738,Craig Wolanin,29,TBL,D,15,0,0,0,-9,8,-0.1,0,0,0,0,0,0,0,12,0,,,wolancr01
739,Dody Wood,24,SJS,C,44,3,2,5,-3,193,-0.4,3,0,0,0,2,0,0,43,7,,,wooddo01
740,Randy Wood,33,NYI,LW,65,6,5,11,-7,61,-0.3,5,0,1,2,3,0,2,96,6.3,,,woodra01
741,Jason Woolley,27,TOT,D,60,6,30,36,4,30,5,4,2,0,1,17,13,0,86,7,,,woollja01
741,Jason Woolley,27,PIT,D,57,6,30,36,3,28,4.8,4,2,0,1,17,13,0,79,7.6,,,woollja01
741,Jason Woolley,27,FLA,D,3,0,0,0,1,2,0.2,0,0,0,0,0,0,0,7,0,,,woollja01
742,Mark Wotton,23,VAN,D,36,3,6,9,8,19,2.3,2,0,1,0,6,0,0,41,7.3,,,wottoma01
743,Tyler Wright,23,PIT,C,45,2,2,4,-7,70,-1,2,0,0,2,2,0,0,30,6.7,,,wrighty01
744,Vitali Yachmenev,22,LAK,LW,65,10,22,32,-9,10,2.2,8,2,0,2,19,3,0,97,10.3,,,yachmvi01
745,Alexei Yashin,23,OTT,C,82,35,40,75,-7,44,8.3,25,10,0,5,22,17,1,291,12,,,yashial01
746,Trent Yawney,31,STL,D,39,0,2,2,2,17,1.5,0,0,0,0,1,0,1,8,0,,,yawnetr01
747,Alexei Yegorov,21,SJS,RW,2,0,1,1,1,0,0.1,0,0,0,0,1,0,0,0,,,,yegoral01
748,Stephane Yelle,22,COL,C,79,9,17,26,1,38,1.3,8,0,1,1,15,0,2,89,10.1,,,yellest01
749,Juha Ylonen,24,PHX,C,2,0,0,0,0,0,0,0,0,0,0,0,0,0,2,0,,,yloneju01
750,Harry York,22,STL,C,74,14,18,32,1,24,2.5,10,3,1,3,16,2,0,86,16.3,,,yorkha01
751,Jason York,26,OTT,D,75,4,17,21,-8,67,4.7,3,1,0,0,11,6,0,121,3.3,,,yorkja01
752,Scott Young,29,COL,RW,72,18,19,37,-5,14,3.1,11,7,0,0,6,13,0,164,11,,,youngsc01
753,Paul Ysebaert,30,TBL,LW,39,5,12,17,1,4,1.2,3,2,0,0,10,2,0,91,5.5,,,ysebapa01
754,Dmitry Yushkevich,25,TOR,D,74,4,10,14,-24,56,1.8,2,1,1,1,9,1,0,99,4,,,yushkdm01
755,Steve Yzerman*,31,DET,LW,81,22,63,85,22,78,8.7,14,8,0,3,43,18,2,232,9.5,,,yzermst01
756,Libor Zabransky,23,STL,D,34,1,5,6,-1,44,1.7,1,0,0,1,5,0,0,26,3.8,,,zabrali01
757,Zarley Zalapski,28,CGY,D,2,0,0,0,-1,0,0,0,0,0,0,0,0,0,7,0,,,zalapza01
758,Rob Zamuner,27,TBL,LW,82,17,33,50,3,56,4.5,13,0,4,3,29,0,4,216,7.9,,,zamunro01
759,Richard Zednik,21,WSH,LW,11,2,1,3,-5,4,0.1,1,1,0,0,1,0,0,21,9.5,,,zedniri01
760,Valeri Zelepukin,28,NJD,LW,71,14,24,38,-10,36,2.8,11,3,0,2,21,3,0,111,12.6,,,zelepva01
761,Jason Zent,25,OTT,LW,22,3,3,6,5,9,0.5,3,0,0,0,3,0,0,20,15,,,zentja01
762,Rob Zettler,28,TOR,D,48,2,12,14,8,51,3.2,2,0,0,0,12,0,0,31,6.5,,,zettlro01
763,Peter Zezel,31,TOT,C,53,4,12,16,10,16,0.9,4,0,0,1,11,1,0,62,6.5,,,zezelpe01
763,Peter Zezel,31,STL,C,35,4,9,13,6,12,0.9,4,0,0,1,8,1,0,49,8.2,,,zezelpe01
763,Peter Zezel,31,NJD,C,18,0,3,3,4,4,0,0,0,0,0,3,0,0,13,0,,,zezelpe01
764,Alex Zhamnov,26,CHI,C,74,20,42,62,18,56,6.4,13,6,1,2,24,16,2,208,9.6,,,zhamnal01
765,Alexei Zhitnik,24,BUF,D,80,7,28,35,10,95,6.7,3,3,1,0,15,11,2,170,4.1,,,zhitnal01
766,Sergei Zholtok,24,OTT,C,57,12,16,28,2,19,2.5,7,5,0,0,12,4,0,96,12.5,,,zholtse01
767,Doug Zmolek,26,LAK,D,57,1,0,1,-22,116,0.5,1,0,0,0,0,0,0,28,3.6,,,zmoledo01
768,Sergei Zubov*,26,DAL,D,78,13,30,43,19,24,9,12,1,0,3,19,9,2,133,9.8,,,zubovse01
769,Dainius Zubrus,18,PHI,LW,68,8,13,21,3,22,0.9,7,1,0,2,11,2,0,71,11.3,,,zubruda01
